SK_ID_CURR,AMT_CREDIT,REGION_POPULATION_RELATIVE,DAYS_BIRTH,DAYS_EMPLOYED,DAYS_REGISTRATION,DAYS_ID_PUBLISH,EXT_SOURCE_1,EXT_SOURCE_2,EXT_SOURCE_3,DAYS_LAST_PHONE_CHANGE,CREDIT_INCOME_RATIO,CREDIT_ANNUITY_RATIO,CREDIT_GOODS_RATIO,INCOME_EXT_RATIO,CAR_EMPLOYED_RATIO,EXT_SOURCE_MEAN,OBS_30_CREDIT_RATIO,REGIONS_RATING_INCOME_MUL_0,DAYS_CREDIT_MEAN_OVERALL,AMT_CREDIT_SUM_MEAN_OVERALL,CURRENT_DEBT_TO_CREDIT_RATIO_MEAN_OVERALL,DAYS_CREDIT_MEAN_CREDITACTIVE_ACTIVE,CURRENT_DEBT_TO_CREDIT_RATIO_MEAN_CREDITACTIVE_ACTIVE,CURRENT_CREDIT_DEBT_DIFF_MEAN_CREDITACTIVE_ACTIVE,HOUR_APPR_PROCESS_START_MEAN_LAST_5,DAYS_DECISION_MEAN_LAST_5,SELLERPLACE_AREA_MEAN_LAST_5,INTEREST_SHARE_MEAN_LAST_5,INTEREST_RATE_MAX_FIRST_2,DAYS_PAYMENT_DIFF_MEAN_MEAN,DAYS_PAYMENT_DIFF_MIN_MEAN,DAYS_PAYMENT_DIFF_MAX_MEAN
281902,3.4046123,0.8935352,0.25312313,0.92113346,0.1194413,1.880815,1.7739761,0.35239464,0.42474443,-0.35009047,2.8203747,0.58086383,-1.00355,-0.37993756,-5.990621,1.1276622,-0.8188542,0.19750941,-0.14458726,-0.25145772,-0.07427657,0.065636,-0.074261524,-0.105183244,1.251445,0.29780892,-0.118358076,-1.0357155,-0.019432986,0.15781647,0.12131698,-0.06594691
179023,0.16767764,-0.7575034,-0.95789444,-0.22198397,0.25139788,-0.5810332,0.74307746,0.8567586,1.5225867,0.33730978,0.28935596,-0.31213152,-0.3887924,-0.5850141,0.46100602,1.6127076,-0.8188708,-0.1460885,-0.8002163,-0.115563944,-0.07427657,-0.9769229,-0.074261524,-0.030083999,0.104254134,0.7509873,-0.1210404,0.17834479,0.17763226,-0.36367992,0.05361708,-0.36017743
451072,-1.1078131,-0.7575034,-0.14088568,-0.38294166,1.3984503,-1.393496,0.26420945,0.49100345,-0.93679756,0.52947235,-1.3212771,-1.6611241,-0.4912523,1.3267951,0.36577037,-0.12086473,-0.39042732,0.06774584,0.58954424,-0.56659764,-0.07427657,-0.6871082,-0.074261524,-0.55230063,-0.06660429,0.86206436,-0.1319964,-3.3691475,0.023307083,-0.21624444,0.09028786,-0.3464923
309025,1.00044,1.0411552,-0.73783404,-1.0040054,-0.30464193,-0.72514784,0.26420945,0.96796995,-0.48393488,-2.169831,0.10298208,-0.3123079,-0.38878405,0.16121925,0.42501897,0.40107402,-0.8188536,0.259038,1.4416388,0.6511413,-0.07427656,0.9090856,-0.074261524,0.24974231,1.8738573,-1.0819746,-0.019697443,-1.7319491,-0.024805212,0.17601308,0.07336289,0.009321373
215939,-0.6295629,1.3052528,0.56906074,0.1740567,-0.3804655,0.95596933,0.26420945,0.6370328,1.3755269,-1.0091177,-0.07637278,-0.6482164,-0.18389848,-0.6785802,0.28892335,1.2185745,-0.8188749,0.39564726,-0.18446603,-0.4997819,-0.07427657,0.065636,-0.074261524,-0.105183244,0.07984584,0.23147126,-0.12028481,0.13855828,0.051211633,0.68290824,0.1819648,0.12564506
215840,1.0798018,-0.083568364,-0.9348383,-0.09914783,-0.45893416,-0.29743147,0.20764959,0.31227368,-1.1290481,-1.1922525,-0.22523929,1.6499156,0.22597356,1.1924549,0.24463917,-0.35078424,1.8505061,0.11314766,-0.69700253,-0.43150052,-0.07427657,-0.20076495,-0.074261524,-0.07179817,0.104254134,0.12617967,-0.12204785,0.085695185,0.11485151,-0.037637565,0.084646195,-0.118406594
200698,0.039610647,-0.7803902,0.90394527,-0.17274362,-1.0564125,-0.015812961,0.7348349,-0.25120148,-1.0458721,-1.0723121,0.2723447,-0.08674592,-0.08138489,-0.04954041,0.3456367,-0.4259306,-0.8188741,-0.03935561,-0.091322646,0.5280869,-0.07427657,0.71550703,-0.074261524,0.7425089,-0.3595042,0.5523602,-0.1319964,2.1578789,0.18409541,0.039126493,0.074303165,-0.04998089
279033,-0.61055946,-0.43349144,-0.79284924,0.106814496,-0.29229853,-0.8315811,-1.3009797,0.82777685,-0.46659678,-0.22241202,0.43321586,-0.09608341,-1.00355,-0.5773124,0.30350912,-0.28222877,-0.8188748,0.41085705,1.4162614,-0.56714445,-0.07427656,0.87313527,-0.074261524,-0.48381904,-0.50595397,-0.5738363,0.20348372,-0.26184583,-0.08781091,0.07877182,0.112854496,-0.15490033
315404,1.4522189,-0.07956312,1.0112364,0.09146,0.7783426,-0.33180746,0.26420945,1.0263269,-0.77496207,0.9060592,-0.14800419,-0.08065359,0.07227536,0.8517201,0.30652177,0.2769247,-0.8188734,0.5760924,0.09257048,-0.041472934,-0.07427657,-0.5303095,-0.074261524,-0.23850322,-0.23136035,-0.18381363,-0.1319964,1.0827525,0.18919122,-0.27226493,-0.0056203315,0.06406193
316471,-0.21819742,-1.0750579,0.554451,-0.3591157,0.3216376,0.9863788,2.5046282,1.3682624,-0.28071138,-0.58094347,-0.3108335,-0.14298697,-1.00355,-0.22595486,0.16657391,1.6184967,0.52087075,0.1947302,-0.42901173,-0.28602177,-0.07427657,-0.5575026,-0.074261524,0.32646435,1.32467,-1.1099367,-0.112917855,-0.17932533,-0.031898595,0.5614993,0.17491272,-0.045419194
448925,-0.21819742,-0.43349144,0.1791611,-0.9002301,-1.0090961,-0.96644074,0.26420945,-0.5926746,-1.0101366,-0.48550704,-0.57190347,-0.51705754,-1.00355,0.42481318,0.396012,-0.7881357,0.52087075,-0.1460885,0.14650483,0.25747392,-0.07427657,1.1268616,-0.074261524,0.66431403,-0.43272907,0.4667384,-0.03751038,0.24004011,0.018363254,-0.14819731,0.033871274,-0.028997015
455336,-1.2644963,0.53690964,-0.6200422,-0.85098976,-0.22382219,-0.9062828,-0.46038425,0.9236926,0.7828625,-2.1814382,-0.93740153,-1.5390414,-1.00355,-0.701502,0.39388835,0.77981305,-0.8188781,0.41085705,-0.65804714,-0.7049878,-0.07427657,-1.6931638,-0.074261524,-0.46615952,0.409358,-1.7289591,-0.12368495,0.27711195,0.16229595,-0.4461216,0.08182537,-0.66125053
408164,1.2010025,0.07271588,-0.5456234,0.8639511,-0.1412391,-1.792125,0.26420945,-1.659311,0.42474443,-0.04314629,1.9438338,1.426587,0.22596522,-0.53569883,-0.9921897,-0.6270364,1.9746609,-0.17645158,-0.14458726,-0.25145772,-0.07427657,0.065636,-0.074261524,-0.105183244,-0.94530374,-0.1368567,-0.1319586,0.24486323,0.14327751,-0.42911422,0.07739264,-0.44424328
341209,0.82417786,-0.09721865,0.22070782,0.30589378,0.91500145,-0.96445745,0.26420945,-1.6900175,-2.014358,-0.017352661,1.4699512,1.5279744,0.53334314,1.961996,-0.19439968,-1.9685031,-0.81887144,0.259038,-0.55468315,-0.36492142,-0.07427657,-0.70211047,-0.074261524,-0.13564685,0.6656453,0.44822556,-0.13184528,0.26678944,0.1651048,0.5038886,0.05869457,0.90159255
333882,-0.1266593,1.3052528,-0.91041255,0.5097382,0.008057,0.4588399,0.26420945,0.811707,-1.4994802,-0.9162607,0.7141719,-0.96410125,-0.5425128,0.0267332,-0.17151679,-0.24053603,-0.81887233,0.39564726,0.01813472,-0.72585815,-0.07427657,1.0298418,-0.074261524,-0.49654487,1.3978952,0.90178967,-0.120473705,-1.7226484,0.18231376,0.41886204,0.12554821,0.043534227
362535,-0.34898478,0.94045305,-0.11988395,0.09146,-0.71403056,-1.8747597,-2.1391375,-0.7974358,-0.41417915,-1.3998911,-0.005381678,1.1014893,-1.00355,-0.38307792,0.28782034,-1.5222888,0.38689584,0.259038,1.5802385,-0.15043011,-0.07427657,1.1054296,-0.074261524,0.62091845,0.22629564,-0.8881685,-0.12897405,-0.82047886,0.11043236,-0.16398998,0.09404896,-0.24613462
153588,1.2942277,-0.66374916,-0.92958796,0.5303874,1.3693552,1.6474551,0.02963126,0.4454583,0.42474443,0.17996863,0.731051,1.1401643,0.53334314,-0.32329702,0.1362335,0.5000126,-0.81886506,0.11389713,-0.14458726,-0.25145772,-0.07427657,0.065636,-0.074261524,-0.105183244,1.32467,0.3896016,-0.1319964,-3.3691475,0.23803851,0.1290868,0.11003365,-0.059104335
329490,0.29947206,0.0345439,-1.2386771,0.46632197,1.4628123,1.1609029,-0.6234338,-2.04088,-2.2247827,1.1149877,0.427473,1.489828,1.4554944,7.8554597,0.17980978,-2.632668,1.0511574,-0.1460885,0.72261286,0.5243609,-0.07427657,-0.04774575,-0.074261524,-0.3434513,0.104254134,0.12617967,-0.12204785,0.085695185,0.11485151,-0.037637565,0.084646195,-0.118406594
429418,-0.8067406,0.8935352,-0.20914075,-1.0294199,1.2797188,0.021207323,0.26420945,1.1113836,0.7378277,1.1072496,-1.1841127,2.0149858,-1.00355,0.06497681,0.4011154,1.1471571,-0.08201682,-0.17354718,0.23172314,3.6240585,-0.07427657,0.6588161,-0.074261524,0.2994987,0.104254134,0.12617967,-0.12204785,0.085695185,0.11485151,-0.037637565,0.084646195,-0.118406594
168987,-0.7858145,4.3063684,-0.7768694,0.18782282,0.3827667,1.6719149,0.26420945,1.2629324,0.42474443,0.4843335,-0.82070327,-0.13878533,0.021045417,-0.39409766,0.28563082,1.0649979,-0.060580783,0.77536416,-2.239384,-0.5953845,-0.07427657,-2.5117247,-0.074261524,-0.55321676,0.104254134,0.12617967,-0.12204785,0.085695185,0.11485151,-0.037637565,0.084646195,-0.118406594
439156,1.1077772,-0.66374916,-0.70222247,-0.108678214,0.91029924,-1.1131996,-0.5903584,0.35617292,-1.149265,0.36439306,0.58450466,0.4864891,-0.08141357,0.4130202,0.33791578,-0.64812845,1.8791635,0.11389713,-0.3879732,1.8317109,-0.07427657,0.5670967,-0.074261524,-0.49760583,0.22629564,0.5632879,-0.13004446,-1.6014215,0.043490175,0.02856611,0.07336289,0.21459849
405437,-0.74134684,-0.13195768,0.07734868,0.5669205,0.40069398,-0.6478019,-0.63275766,-0.04691473,0.50853026,0.9473291,-0.68980616,-0.014747783,-1.00355,-0.46355936,-0.01813552,0.0015860731,-0.015029291,-0.03567704,-1.4946549,0.5455497,-0.07427657,-1.8819029,-0.074261524,1.3919207,0.104254134,0.12617967,-0.12204785,0.085695185,0.11485151,-0.037637565,0.084646195,-0.118406594
392810,0.33424842,0.0345439,-0.73966,-0.17221415,1.1842046,-1.0570081,-0.68694884,0.3629872,0.11558174,-0.25465405,-0.18593767,0.17834793,2.275156,-0.17292091,0.38862035,0.0045030983,-0.8188604,-0.624802,-0.7659151,-0.3799548,-0.07427657,-0.39756992,-0.074261524,0.15852165,-0.3595042,-0.3574677,-0.12802957,2.2433665,0.14585276,-0.44857886,0.040641263,-0.20416683
322903,1.6075943,-1.0465312,-0.60200816,0.7056406,0.405984,-1.115183,-0.87179375,1.376472,0.22805354,-2.824989,0.15635122,2.0059135,0.53334314,0.024473732,-0.09336922,0.58014685,2.3911622,-0.064938,-0.40188193,-0.38022676,-0.07427657,-0.5344576,-0.074261524,0.25685036,0.77548283,-0.40943864,-0.13109913,-0.67925364,0.17142376,-0.063735805,0.060669154,0.0024788028
382948,0.043377332,0.53690964,1.6234792,0.09146,-1.6153913,-0.89504445,0.26420945,-0.3533114,0.42474443,-2.5077276,0.4880407,0.082347095,-1.00355,-0.53569883,0.30652177,0.12916236,0.78882086,0.259038,-2.4059637,-0.68994933,-0.07427657,-4.5415344,-0.074261524,-0.105183244,-0.7500373,-0.9055243,-0.12752584,-0.88050324,0.06374049,0.14612924,0.07618371,0.1872282
192142,-0.8721342,0.07271588,-0.030627113,-1.0956031,-0.29788244,-2.104814,1.8996468,0.6915967,1.0957154,-3.2454255,-0.8003398,-1.4298977,-1.00355,-0.5473779,0.40348598,1.7373,-0.8188784,-0.1460885,-0.5702511,0.25785372,-0.07427657,-0.8220601,-0.074261524,-0.105183244,-0.72562903,0.570873,-0.13082524,0.55116194,0.16222498,-0.058921807,0.08746703,-0.23244947
339007,-0.88704395,-1.1057099,-0.94670874,0.059162565,0.750717,0.23804036,2.2413874,-1.9116682,-1.3908246,1.1149877,-0.48112294,-0.5282342,2.0702372,-0.07600369,-0.69690156,-0.98594856,-0.16427748,0.1610765,0.6559159,-0.5737615,-0.07427657,0.66019887,-0.074261524,-0.16824313,-0.62799543,0.25602648,-0.12513316,-0.13516715,0.049957838,-0.08044102,0.08746703,-0.10015976
234093,0.01927322,1.3052528,-1.3146939,0.18199869,0.40451455,0.37554425,-0.17424163,0.24499473,0.51780844,-0.46229276,0.45772812,1.0738151,0.22598003,-0.5471465,0.4121782,0.35479012,-0.81887156,0.259038,0.6204526,-0.6121352,-0.07427657,0.3324979,-0.074261524,-0.47877058,-0.04829798,-0.2508262,-0.12429886,-0.5504399,0.23637405,-0.22598729,0.04515459,-0.15490033
428408,-0.20511867,-1.1129848,1.5623007,0.09146,-1.2253993,-1.1707133,2.5820942,0.13467652,0.8630586,0.72937286,2.5858917,1.5501842,-1.00355,-0.7649103,0.30652177,1.5552113,0.5342684,2.5295658,-0.17616959,-0.117480904,-0.07427657,0.6353102,-0.074261524,-0.33712432,-0.13982917,0.8493367,0.048588622,-0.15009707,0.038136605,0.12529978,0.12977947,-0.072789475
199848,-0.21819742,-0.66374916,1.734651,0.09146,-1.2738911,-1.0113939,0.26420945,1.3509114,1.0366584,-0.98461384,-0.115031086,0.064804636,-1.00355,-0.5414261,0.30652177,1.4480215,0.52087075,0.1610765,0.70862275,-0.18511349,-0.07427656,-0.1293253,-0.074261524,-0.11620953,0.9585452,-1.7135319,-0.1208515,0.28629214,0.11206063,0.05114586,0.11849615,-0.3464923
389132,-0.7426547,1.0411552,-0.95584005,0.48750064,1.0281491,-0.5056705,0.26420945,1.1857457,0.98530525,1.1149877,-0.9930487,-1.0591401,0.53334314,-0.30033183,-0.07288985,1.3245184,-0.8188755,0.259038,0.93474185,0.27129778,-0.07427657,0.6961491,-0.074261524,1.3987858,0.9585452,-4.160695,0.35176742,-0.28959653,-0.029639613,-0.17131591,0.07336289,-0.3464923
289597,-0.022016346,0.722538,-1.4781412,0.62516177,-0.8938913,0.8521803,-1.4708123,0.45339298,0.42474443,0.9292735,-0.5934542,-0.24946193,-1.00355,-0.13921547,0.041541103,-0.081633866,0.7218334,0.028142255,-0.14458726,-0.25145772,-0.07427657,0.065636,-0.074261524,-0.105183244,0.15307072,1.0032245,-0.13044743,0.29010758,0.07587882,-0.02446207,0.11849615,-0.38754773
390108,0.30495206,0.722538,0.1935424,0.4848533,-0.4627547,0.7880559,0.26420945,0.10836632,1.1702114,0.111615494,-0.14690594,-0.18982945,-1.00355,-0.40939158,0.16840126,0.8010426,1.0567709,0.45403165,0.5104839,-0.8440976,-0.07427657,-0.41001427,-0.074261524,-0.42763275,0.15307072,0.8909906,0.035932556,-0.96813935,0.024019938,-0.11617394,0.10157117,-0.36017743
451381,-0.086782254,-0.14667052,0.30243134,-1.837385,-0.2793674,1.7287675,0.26420945,-1.5371085,0.42474443,-0.939475,0.32435596,-1.0544448,0.22596522,-0.53569883,0.42235205,-0.556279,0.655489,-0.8843608,0.55147815,1.0827566,-0.07427657,0.065636,-0.074261524,-0.105183244,0.22629564,-1.6460371,-0.12236268,0.8243041,0.21563166,-0.24328882,0.07336289,-0.48334372
221553,-0.57171565,0.22900012,1.8229946,0.09146,-2.293983,1.5357331,3.1367543,0.5534145,1.360285,0.44306362,0.0145608215,-0.54952353,-0.18382631,-0.67771536,0.30652177,2.2842226,0.15873633,0.39564726,-0.9311469,-0.56753755,-0.07427657,0.065636,-0.074261524,-0.105183244,0.006620597,0.37301722,-0.024552088,0.17355354,0.020033382,-0.14994214,0.08605661,-0.40807542
387315,-0.723102,0.22900012,1.5374184,0.09146,-1.8546177,0.1276406,0.26420945,0.3381959,0.42474443,0.062607594,0.3175457,-0.25975102,0.22593561,-0.6914601,0.30652177,0.5295575,0.0036602432,0.28903604,-0.14458726,-0.25145772,-0.07427657,0.065636,-0.074261524,-0.105183244,1.1416075,1.103888,0.09713502,0.09704576,0.025371322,0.01562674,0.067721225,-0.10015976
101033,1.2126164,-0.010984508,1.3278588,0.37896004,-1.6950355,-1.1667469,0.26420945,0.87179357,-1.362062,-1.9157637,2.4280875,1.5311403,2.0702372,-0.020430183,0.22384702,-0.13116874,1.9865578,-0.008458178,-0.8943009,-0.60465765,-0.07427657,0.031068387,-0.074261524,-0.50822,1.32467,-3.10585,-0.10158407,-0.17637059,-0.03098506,0.21253964,0.13542111,-0.18227062
107580,-1.133709,0.0345439,0.62795657,-0.37817645,0.5740891,0.7649182,0.26420945,-0.72280526,1.2350001,-1.0800502,-0.45768544,-0.014747783,-1.00355,-0.75807744,0.36539173,0.35493907,-0.8188787,-0.016820464,0.80564255,-0.43430042,-0.07427657,0.6491372,-0.074261524,-0.3096224,-1.7507783,0.095324956,-0.110046625,0.9172584,0.29047406,-0.11210908,0.06348998,-0.045419194
116941,-0.8289744,-0.010984508,-0.4563665,-0.0101975165,1.1577545,-1.0801458,-1.4524158,-1.4711639,1.5225867,1.1149877,-0.8594722,-1.4292815,-0.4912523,-0.534233,0.32408726,-0.59300804,-0.10479257,0.1947302,-0.1688492,-0.85735446,-0.07427657,0.065636,-0.074261524,-0.105183244,-0.7500373,-1.921801,-0.113421574,0.14755145,0.19380797,0.4751941,0.122257255,0.28302422
421304,2.099564,-1.0383574,-1.1809225,0.37843063,0.27872965,0.21027514,-0.77983,0.95818883,-1.162614,0.020048095,2.3139222,0.71772337,-0.32730442,0.098231494,0.27977017,-0.38082302,2.8951228,0.1610765,0.618424,-0.25583202,-0.07427657,0.6380756,-0.074261524,-0.39783257,0.104254134,0.47650906,-0.11852178,-0.25599214,-0.034931365,0.057688847,0.12695864,-0.3464923
332750,-0.61055946,0.722538,-0.64355487,0.2815383,0.9105931,-0.951897,-0.58582294,0.077636704,0.42474443,1.1149877,-0.5262163,-1.0314032,-1.00355,-0.46489817,0.28357303,0.046571743,-0.8188702,0.1610765,0.34120837,0.3177074,-0.07427657,-0.14453503,-0.074261524,0.7618069,0.22629564,0.29780892,0.1515372,-0.18061654,0.023308625,-0.059150293,0.05643791,0.20091334
128013,-1.1594871,1.3052528,0.59919363,0.8284768,-0.93679917,0.86275756,-2.0129116,1.0768542,0.29371175,0.154175,-1.0246441,-0.13258311,2.6850762,-0.5182196,0.23408669,-0.0035533295,-0.44336084,0.259038,-0.20906255,-0.6950922,-0.07427657,0.065636,-0.074261524,-0.105183244,-0.6524038,0.57164437,-0.1294274,-1.6191789,0.034199093,0.23434965,0.107212834,-0.10015976
408735,0.43573943,-0.87038445,1.0705887,0.65692973,0.3031225,-0.50170404,0.26420945,-0.9182148,-0.0057203397,-0.93302655,2.3692133,1.5498325,-1.00355,-0.62171555,-0.0032534047,-0.43153822,1.1907461,0.50647485,1.1800566,-0.22056758,-0.07427657,0.74869186,-0.074261524,-0.042592175,0.5924204,-4.1471963,-0.1319964,-3.3691475,-9.903285,-0.33604538,-0.36668643,-0.14121519
131770,-0.8721342,0.4365346,0.47135746,0.6246323,-0.46040362,1.2329602,0.26420945,-1.0334828,0.42474443,0.9847298,-0.2762802,-0.014747783,-1.00355,-0.64897984,0.042216066,-0.26467,-0.14900434,0.15805218,-0.14458726,-0.25145772,-0.07427657,0.065636,-0.074261524,-0.105183244,-1.8972282,0.9658133,-0.13082524,-1.0804483,-0.016112607,0.26313877,0.1438836,-0.14121519
243409,-0.74134684,-0.8398142,-0.25913393,0.28577405,-0.29082906,-0.3760996,1.2475095,0.61415243,0.42474443,0.6713372,-0.7807595,-0.014747783,-1.00355,-0.39409766,0.1380773,1.0735284,-0.015029291,0.1947302,-0.14458726,-0.25145772,-0.07427657,0.065636,-0.074261524,-0.105183244,1.568753,0.901404,0.34043366,-0.27286923,-0.03933064,-0.16084711,0.10157117,-0.3464923
133464,2.789912,-0.13195768,1.0703604,0.09146,0.81037664,-0.35957265,0.26420945,0.18557923,0.6924823,-0.41328487,0.60190725,2.3131204,-1.00355,-0.050022792,0.30652177,0.5864898,-0.8188574,0.3150593,0.47768855,-0.3663657,-0.07427656,-0.13554747,-0.074261524,-0.42127085,-1.1649786,0.106124036,-0.11306897,2.3142998,0.2495563,0.14792317,0.08746703,0.06406193
350911,-0.72128403,-0.6675092,0.90303236,-1.1686695,1.2779554,0.121690914,0.26420945,0.7780864,0.1811601,-0.8479076,-1.0639507,-1.2113811,-0.08141357,0.041343097,0.44416487,0.6520712,0.005522498,0.1610765,-0.47804126,1.9373971,-0.07427657,0.27511567,-0.074261524,7.9652977,1.4711198,0.030915726,-0.1319964,-0.4377006,0.12836032,-0.26049444,0.067721225,-0.22788775
310701,-0.7307792,-0.72399056,0.8546374,0.49385425,-1.0581758,0.17589918,0.26420945,0.8907817,0.62852645,-0.42876104,-0.9300185,-0.74592644,-0.1838735,-0.29594547,0.1625406,0.9601071,-0.8188714,-0.1460885,-0.91547257,-0.53128535,-0.07427657,-0.3121187,-0.074261524,0.448227,0.8853203,0.8385376,-0.1319964,0.24876103,0.21219929,-0.3009139,0.06348998,-0.1343726
343835,-0.74134684,-0.96487427,-1.2578526,0.6971692,-0.36459547,0.20168114,-0.91059333,0.035287403,0.8718956,-1.7339185,-0.49880388,-0.014747783,-1.00355,-0.5846763,-0.07534277,0.13782561,-0.8188784,0.259038,-0.77205014,-0.83511084,-0.07427657,0.065636,-0.074261524,-0.105183244,1.544345,0.35219035,-0.075289674,-0.42259958,0.18835737,0.16799702,0.112854496,-0.18683231
203376,-1.1954405,0.07271588,1.652699,0.09146,0.82301384,-0.986273,0.26420945,1.0116256,0.31246257,0.0071512815,-1.2439098,0.80229765,1.0456418,-0.2552353,0.43736586,0.8585519,-0.48019063,-0.757745,-0.20219776,-0.16030866,-0.0822452,-0.3010571,-0.08521839,-0.071945325,-1.2382035,0.71511877,-0.1319964,1.8495432,0.15550391,0.14870915,0.10157117,0.009321373
224881,2.028468,-1.1057099,-0.6702636,0.08881267,-0.4327779,-1.3214388,-0.59580016,0.9081377,-0.31661734,-0.7563402,1.5346738,0.48926976,-0.32731643,-0.17569709,0.3070321,0.121216744,2.822294,-0.757745,-1.60599,-0.41753218,-0.07427657,-4.1405506,-0.074261524,0.13033701,2.0569196,-0.23539884,0.055199996,-0.28925112,-0.05611051,0.7185312,0.1720919,0.17354305
391315,2.9672594,0.0345439,1.424877,0.09146,-1.3285546,-1.462248,0.26420945,0.45352405,0.7828625,-0.8685425,0.86879814,2.2977805,0.12350531,-0.13690263,0.30652177,0.79068357,-0.8188565,-0.020403797,-1.8641455,0.122912146,-0.07427657,-1.5410662,-0.074261524,1.220645,-0.6524038,-0.97764724,0.03974827,0.12644285,0.1555046,-0.13708758,0.06377206,-0.2096409
105119,2.3975496,0.22900012,0.36155567,0.70405227,1.3343823,1.5582098,0.26420945,0.6372877,-0.1075422,1.1149877,1.5982409,2.0052855,-1.00355,-0.18945117,0.22379762,0.41386902,-0.8188695,0.11389713,1.3069435,-0.68994933,-0.07427657,0.7182724,-0.074261524,-0.20622814,1.32467,1.1251005,-0.118584745,-0.03756216,-0.009843873,-0.037637565,0.084646195,-0.118406594
244712,-0.20511867,-0.8309864,-0.778924,0.16929151,0.5520474,-0.4613784,-1.8798605,1.2321272,-0.5269726,-0.84145916,-0.89236695,-0.089360796,-1.00355,0.6161311,0.39267012,-0.30704328,-0.81886595,0.5760924,0.07125994,3.551591,-0.07427657,-0.2274973,-0.074261524,0.7144325,2.0569196,-0.90648854,-0.050298672,0.37097314,0.1892827,0.3087113,0.1203767,0.10055566
454732,0.59111476,0.4365346,2.09944,0.09146,-2.0809128,-1.1475756,0.26420945,1.0645765,0.42474443,-0.8801496,-0.0064780964,-0.06922406,-0.3887924,-0.25249648,0.30652177,0.95014584,-0.8188578,-0.1460885,-0.14458726,-0.25145772,-0.07427657,0.065636,-0.074261524,-0.105183244,0.5924204,-0.7801771,-0.04585961,0.067409985,0.0294732,2.1078887,0.112854496,2.8147755
108058,1.020372,0.22900012,0.7879798,0.0803412,0.89678025,0.390749,0.26420945,0.7013981,0.9507118,0.8738172,0.801728,0.63287884,0.07229388,-0.47283217,0.30864543,1.0252982,1.7896279,0.1947302,-0.695918,1.4742934,-0.07427657,-3.0399177,-0.074261524,-0.55321676,0.104254134,0.12617967,-0.12204785,0.085695185,0.11485151,-0.037637565,0.084646195,-0.118406594
323111,0.12532869,-1.1108595,-0.683732,-1.4005756,1.1130832,-0.5459961,0.26420945,1.4402931,-1.0809754,-1.2244945,-0.96646136,-1.0645751,0.22599299,2.1932235,0.41267207,0.35054785,-0.8188767,0.3194926,-0.41795966,2.4942956,-0.07427657,-0.7699124,-0.074261524,1.236255,0.22629564,-0.20319423,-0.056400023,1.169828,0.15550189,-0.033881202,0.0798105,0.028871553
124621,1.6593859,-1.0232357,1.3159881,-0.21139465,0.33398098,-0.9274372,0.8121534,-1.6384321,0.62852645,-0.6544553,1.8526275,-0.24335851,0.687033,-0.4938643,0.34986758,-0.29026803,2.4442165,-0.1460885,-0.7206446,-0.3807637,-0.07427657,-1.0101079,-0.074261524,0.89099944,-0.28627896,-1.9719398,-0.124402754,0.4480504,0.08733637,-0.17717789,0.06631081,-0.059104335
181796,0.43573943,0.53690964,-1.1398324,0.7972383,1.073996,0.29753724,-1.2092327,0.7700105,0.6009647,0.27540505,0.05629614,1.5498325,-1.00355,-0.3570057,-0.40539977,0.29952946,1.1907461,0.11389713,0.39921382,-0.6534162,-0.07427657,0.065636,-0.074261524,-0.105183244,2.0569196,0.17053327,-0.10347303,-0.38029614,-0.051345166,-0.0011980855,0.07336289,-0.31912202
173640,-0.20511867,4.3063684,1.2529832,0.09146,-2.4747255,-1.0299041,0.26420945,1.3144481,0.42474443,0.30248836,-0.56276613,1.9583628,-1.00355,-0.25249648,0.30652177,1.0948266,-0.8188784,0.1298352,-1.2300632,-0.6578696,-0.07427657,-1.9595648,-0.074261524,-0.42850816,0.83650374,0.79212695,-0.12563688,-0.20797832,-0.040757507,0.05899743,0.107212834,0.28302422
364498,1.2126164,0.39125136,1.1406704,-6.2038918,-1.826992,-0.68878865,0.26420945,0.46064088,0.76488745,-0.96913767,0.23639536,2.0059662,2.0702372,-0.25876066,0.45427287,0.7850494,-0.8188724,0.29010293,-1.9526638,-0.45280737,-0.07427657,-3.9124043,-0.074261524,-0.16022255,0.006620597,0.1007245,-0.1319964,-0.1420397,0.32115525,-0.45222837,0.06852718,-0.46770355
376148,0.38287517,0.4365346,1.6218815,0.769706,-1.1598617,-1.0054443,0.26420945,-1.5214137,0.2843343,0.95248777,-0.1519646,1.0793293,0.22594024,-0.21866255,-0.28069618,-0.62339115,-0.81887674,-0.1460885,-0.43628782,0.6588033,-0.07427657,-1.0571198,-0.074261524,0.6102,-0.28627896,0.33792,-0.12821846,0.03306408,0.16229202,-0.19748786,0.09028786,-0.45597342
292166,1.0896763,0.722538,0.5339059,-2.1307094,1.2797188,1.0438924,0.26420945,0.75167274,0.42474443,0.47272632,2.626204,1.1389165,-1.00355,-0.6064994,0.42732373,0.7689688,1.8606211,0.39564726,0.7911968,-0.106150314,-0.07427657,0.6482154,-0.074261524,-0.10201225,-0.21305405,-0.63631713,-0.10320857,0.009147284,0.15550573,-0.34139845,-0.021605037,-0.12753005
227163,-0.92005473,0.0345439,1.7773391,0.09146,-2.0585773,-0.94726944,0.26420945,-2.1235158,0.7738816,1.1149877,-0.2948561,-1.0359867,0.22596522,-0.6883802,0.30652177,-0.70634484,-0.1980928,0.1232734,-2.2185614,-0.67723054,-0.07427657,0.065636,-0.074261524,-0.105183244,-0.94530374,0.08452585,-0.13067411,-0.66513956,0.17284091,-0.15404384,0.044026263,-0.10015976
174018,-1.133709,4.3063684,-0.58100647,0.8459492,1.1674529,0.64526343,-0.4886476,0.40855148,0.42474443,1.0376068,-0.9922263,-0.014747783,-1.00355,-0.53569883,-0.76852995,0.2761452,-0.41695437,0.8908315,-0.14458726,-0.25145772,-0.07427657,0.065636,-0.074261524,-0.105183244,0.104254134,0.12617967,-0.12204785,0.085695185,0.11485151,-0.037637565,0.084646195,-0.118406594
418635,-1.291046,0.722538,-0.7939906,0.8385367,-0.04719431,-0.71192634,0.26420945,0.9438858,0.4713507,-0.32558653,-1.1161984,-1.0846511,0.53334314,-0.61116105,-0.6950742,0.90555674,-0.5781264,0.39564726,0.13524565,0.14993392,-0.07427657,-0.39618722,-0.074261524,0.8231464,-0.43272907,0.31207925,-0.12969185,0.21258174,-0.018547038,-0.25534356,0.07819859,-0.064969376
295561,0.11017043,0.4365346,1.6223378,0.09146,-1.15369,-1.2434317,0.26420945,0.8377873,0.42474443,-1.0439392,0.22908984,0.3532139,0.2259504,-0.46489817,0.30652177,0.81883115,-0.81887114,0.1610765,-0.14458726,-0.25145772,-0.07427657,0.065636,-0.074261524,-0.105183244,0.22629564,-0.049306437,-0.07102061,-0.20215425,-0.028454175,1.0018939,0.12977947,0.3993479
297877,1.0896763,0.53690964,-0.11372024,-3.1631682,1.4175532,-1.0946895,0.92314106,1.1153276,1.1455642,1.1124083,2.0898755,0.97868264,-1.00355,-0.63098544,0.4391932,1.6281686,-0.81886613,-0.028478641,-2.601174,-0.2276584,-0.07427657,0.065636,-0.074261524,-0.105183244,0.104254134,0.12617967,-0.12204785,0.085695185,0.11485151,-0.037637565,0.084646195,-0.118406594
347628,-0.832898,-0.13195768,1.4442807,0.09146,-1.3135662,-0.9710682,0.26420945,0.021288298,1.9725196,0.4108216,-0.53813475,-1.4787683,-1.00355,-0.6803666,0.30652177,1.1860312,-0.8188785,-1.1974175,-1.7441994,-0.7079847,-0.07427657,0.065636,-0.074261524,-0.105183244,-0.8720788,0.47136658,-0.088990964,-0.035894,0.027794322,0.016646435,0.093108684,-0.26438144
275311,0.6688025,1.3052528,0.17596513,-0.10497195,-1.3223829,-1.1449314,1.2964475,1.2179619,1.9024566,-0.7331259,0.04779833,0.7118693,-0.08141357,-0.47340038,0.33743837,2.2442126,-0.8188682,-0.1460885,-2.7485583,-0.49703264,-0.07427657,0.065636,-0.074261524,-0.105183244,1.6907948,-0.9807326,-0.12821846,-1.7727578,-0.030984344,0.21250176,0.07054205,-0.059104335
330452,0.07528944,-1.186059,-1.1069603,0.25612393,0.62610763,-0.17314912,1.3306,0.8665952,0.42474443,0.11419486,-0.5702754,-0.9048023,0.73826295,-0.1108952,0.26739037,1.2521625,0.82151073,0.30357924,0.5065797,0.6203116,-0.07427656,-0.41554505,-0.074261524,0.6118262,1.32467,-0.070519045,-0.1319964,1.728667,0.11438581,-0.3061412,2.1329313e-05,0.11880249
390029,-1.1954405,-0.72399056,-1.3350106,0.27041954,-0.2561501,0.6697233,-0.09484091,0.45648128,-1.2085189,-0.3758841,-1.1144068,0.11961412,1.0456418,0.06912668,0.26312658,-0.42860025,-0.48019063,-0.03935561,0.9854965,0.8340202,-0.07427657,0.59797716,-0.074261524,0.74640197,0.5924204,-0.80331814,1.0015714,-0.10626605,-0.027817715,-0.07535202,0.084646195,0.28302422
372304,-0.723102,-1.0383574,0.7688044,0.09146,-1.9504257,0.37752748,0.26420945,0.13966122,0.42474443,0.7809601,-0.0006650631,0.33582366,0.22593561,-0.64897984,0.30652177,0.41460258,0.0036602432,0.15805218,-0.14458726,-0.25145772,-0.07427657,0.065636,-0.074261524,-0.105183244,-1.3846532,1.0865321,-0.1319964,0.7003329,0.08782048,0.049255673,0.11097393,-0.2917517
274719,1.0896763,0.722538,0.97037435,-0.02714042,0.19967324,0.17193271,0.26420945,0.83293194,-0.34340227,-0.6415585,1.0063832,2.0052855,-1.00355,-0.24442868,0.3760265,0.39915055,-0.8188765,-0.058984574,-0.5568304,0.73968536,-0.07427657,-0.9147012,-0.074261524,0.46396178,-0.50595397,-0.91516644,-0.12425164,0.5825426,0.1892821,-0.051361065,0.10157117,-0.36017743
178001,-0.8792621,-0.43806875,1.7488043,0.09146,0.1770437,-0.93338686,0.26420945,1.0447059,0.7828625,-1.5365974,-1.2145131,-1.0984279,-0.23510346,0.051297132,0.30652177,1.1329894,-0.8188773,-0.17354718,-0.49354967,-0.23387574,-0.07427657,1.2492309,-0.074261524,0.07922507,-2.9223778,1.2782171,-0.1319964,0.085695185,0.16510414,-1.0352402,-0.9647022,-0.045419194
113730,-0.9060735,0.94045305,0.71675694,-0.63867384,-0.023095334,0.53486365,0.26420945,0.93032664,1.7922662,1.1149877,-0.40274647,-0.6546325,1.4555231,-0.7187624,0.2915738,1.6145588,-0.8188784,-0.016820464,0.0019601432,-0.6661334,-0.07427657,0.065636,-0.074261524,-0.105183244,0.104254134,-1.6614645,-0.11197337,0.27733353,0.17142068,0.046399754,0.08605661,-0.045419194
169777,-0.6864946,-0.7909345,0.17071463,-1.0749539,-1.5436821,-1.2705358,0.26420945,-0.4150208,0.42474443,-0.067650236,-0.6057943,-1.0693024,0.63586134,-0.46489817,0.40276164,0.093431145,0.04115982,0.1610765,-0.14458726,-0.25145772,-0.07427657,0.065636,-0.074261524,-0.105183244,0.51919556,0.98933995,-0.13165638,-0.24538817,0.18264738,0.9918828,0.11097393,1.049392
296080,-1.0029216,-0.87038445,-1.4838483,0.24977036,1.3011727,1.0161272,-0.09425469,1.1007463,0.7468603,0.3128058,-1.1118437,-0.014747783,-1.00355,-0.331252,0.26923418,1.0058438,-0.8188777,0.43869665,0.13860762,-0.80312914,-0.07427657,0.065636,-0.074261524,-0.105183244,0.22629564,0.777021,-0.120473705,-0.022339512,0.043490235,0.4393634,0.1523461,-0.10015976
301743,-0.7858145,-0.6675092,1.0806329,0.7898258,-0.5388722,1.3413767,0.26420945,0.8610016,-1.7402935,0.057448875,-0.70987904,-0.16519532,0.021045417,1.0190812,-0.36794755,-0.34268138,-0.81887186,0.41085705,1.0818005,1.5130103,-0.07427656,0.3993286,-0.074261524,0.1915383,1.1782203,1.0865321,-0.1319964,1.1934533,0.25269115,0.35062796,0.07618371,0.10511735
446942,-0.21819742,0.94045305,-0.21758722,-0.28128418,0.81507885,0.60824317,0.26420945,-0.75213504,-0.57801443,0.15288532,-0.115031086,0.064804636,-1.00355,-0.22586027,0.3568806,-0.6459555,-0.8188728,0.1610765,-0.00721478,0.4287232,-0.07427657,-0.179794,-0.074261524,0.5003716,-0.5791788,-0.11101584,-0.11510905,-0.6542349,-0.045556106,-0.11011556,0.07618371,-0.271224
183052,-1.0683153,0.4365346,-1.1544422,-0.15474176,-0.9661882,0.6902166,0.26420945,-0.07045052,1.2668688,0.7564562,-1.0059325,-0.014747783,-1.00355,-0.56353194,0.29980507,0.7499601,-0.34996688,0.1610765,-0.43520334,1.6047816,-0.07427657,-0.8068503,-0.074261524,7.356567,-0.26187065,0.041972004,0.027243325,0.31735134,-0.06856055,0.26822785,0.12695864,-0.12753005
324281,-1.133709,2.1576233,-0.94762194,0.583334,-0.03955317,-0.036306325,0.5104997,1.2383204,0.924587,0.5139961,-0.9922263,-1.6611114,-1.00355,-0.58956945,0.0891507,1.4182373,-0.41695437,0.8908315,0.98386985,-0.652869,-0.07427657,0.23709135,-0.074261524,-0.24543546,0.51919556,1.1555696,-0.10343525,-1.1847564,0.029146131,0.26706463,0.09216841,0.12792587
104736,-1.0955191,-1.2149128,-1.4843048,0.34136796,0.40833515,0.8720126,-0.5850339,1.0667324,-0.8763697,0.67520624,-1.1913829,-1.0593996,1.4554796,0.33287647,0.23899253,-0.0865221,-0.3778337,0.6962575,0.83609533,0.5570969,-0.07427657,0.34770763,-0.074261524,0.23228578,1.6907948,0.7683431,-0.1159402,-0.10509347,-0.008947645,0.07470062,0.12977947,-0.26438144
165470,2.1234195,-0.26249412,0.79323024,0.09146,1.1016216,0.89779454,0.32294998,0.67343014,-0.37891245,-1.6359028,1.0640656,1.4310586,-0.101905555,0.005987833,0.30652177,0.31047568,2.9195595,-0.1460885,0.9253066,0.65827066,-0.07427656,0.9321306,-0.074261524,-0.30302694,-0.06660429,-0.016137604,-0.1318075,2.0015106,0.09245957,-0.20103611,0.08088509,-0.118406594
426782,-0.25343153,-1.0602634,1.1345067,-4.9305263,-0.9015324,-0.47063345,0.26420945,-0.50159687,1.2269778,-0.651876,-0.34248307,0.34810248,0.22600132,-0.50493854,0.44984445,0.47866938,0.484778,-1.0474377,0.47859955,-0.3305319,-0.07427657,-0.060190085,-0.074261524,0.7026234,-1.2382035,-0.32024926,-0.120095916,0.44493985,0.18230662,0.09651061,0.115675315,-0.23701118
119082,-1.1343628,0.39125136,-1.4587376,0.68922716,-0.1265446,0.77747864,-1.5851969,0.59780496,-0.7908155,0.6365158,-0.9930487,-1.0853904,0.53334314,-0.26148233,-0.059439972,-0.70238554,-0.41762426,0.259038,1.3596504,-0.009384382,-0.07427656,0.96854186,-0.074261524,-0.6676866,-0.13982917,-0.07148326,-0.12958796,1.390887,0.41140378,0.18350124,0.07900454,0.25565392
136917,-1.3866515,0.07271588,-1.070664,0.7178184,-0.9482609,1.1192552,0.26420945,-0.5540455,-2.087431,0.38889703,-1.2278112,-1.5526123,-0.4912523,1.56921,-0.121470734,-1.3504099,-0.67606205,-0.82552505,1.3308567,-0.7944674,-0.07427657,0.9706159,-0.074261524,-0.34658912,-1.0185286,-0.40336406,-0.12289158,0.55292386,0.2688602,-0.02397741,0.07900454,0.13704938
178877,0.043377332,0.53690964,-0.34336844,-1.9559854,0.8644524,-1.307556,1.5443552,0.5183169,-1.6483066,0.3140955,-0.38915452,-0.014747783,-1.00355,1.6034346,0.4244757,0.008986193,0.78882086,-0.1460885,0.73748606,3.359743,-0.07427657,0.47215104,-0.074261524,1.2614053,0.9585452,0.56875175,0.7654508,-0.20613736,-0.039330218,-0.13766624,0.05643791,0.13248764
286589,-0.723102,-0.07956312,1.3801343,0.09146,-1.108431,-1.3458986,2.8342915,1.1493146,1.9829199,-2.3774698,-0.2234126,-0.6753358,0.22593561,-0.708107,0.30652177,2.8489845,0.0036602432,0.39564726,-1.1722322,-0.56658435,-0.07427657,0.065636,-0.074261524,-0.105183244,0.07984584,-1.3228341,-0.11144446,-0.38056284,0.1622961,-0.07753568,0.09028786,-0.1603744
265286,-0.08008593,-0.66374916,-1.0852739,-0.4353588,0.6049475,-0.13678993,0.26420945,1.4283559,0.6924823,0.69455147,-0.9173906,-1.065293,-0.1838735,0.1437492,0.36985308,1.3060813,-0.8188721,0.7677831,0.4711629,0.16990116,-0.07427657,0.021389458,-0.074261524,0.5774413,-0.13982917,0.92133105,-0.1319964,-3.3691475,-9.903285,-0.4260564,0.07336289,-0.23701118
286223,0.76163536,-1.453426,0.93841547,-4.753684,1.0883965,-0.026390178,0.26420945,0.39031112,0.8630586,-0.19403902,0.1126559,1.4229703,0.22594394,-0.33915052,0.44908717,0.7976041,-0.8188717,-0.624802,0.18253005,0.23494074,-0.07427655,-0.87460285,-0.074261524,-0.548746,-1.2382035,0.8589788,-0.1319964,-0.7146611,0.22558127,-0.013313243,0.09028786,0.41075224
318470,1.8151276,1.3052528,-0.6716332,0.7262898,1.2470969,1.4511154,0.26420945,0.14325961,-1.6483066,0.45725015,1.5156277,1.9870425,2.0702372,1.0494044,-0.14272384,-0.7083468,2.6037538,0.1947302,1.1556553,-0.11518063,-0.07427656,0.8685262,-0.074261524,-0.19695131,-0.3228916,0.7490589,-0.12151264,-0.18355332,-0.008948303,0.08277033,0.11849615,-0.031734053
382026,-0.7426547,0.39125136,0.99091965,-0.42159268,-1.747054,-0.1513336,0.26420945,0.7020273,1.5577924,0.59137696,-0.50044876,0.3351646,0.53334314,-0.63807714,0.36881593,1.3551222,-0.8188779,0.259038,-1.2255898,-0.5170462,-0.07427657,0.065636,-0.074261524,-0.105183244,0.006620597,0.21642962,-0.1319964,0.46177685,0.04304084,-0.3051335,0.04797542,0.036691654
364376,2.9672594,0.8935352,1.1210383,-0.88063985,-2.2778192,0.64195806,0.26420945,0.885563,1.3295178,-0.15534857,1.3396876,1.9916157,0.12350531,-0.3553161,0.4747687,1.3375093,-0.818868,0.29010293,0.030048836,0.7261653,-0.07427657,1.322514,-0.074261524,-0.105183244,0.5924204,-0.47355857,0.3600789,-0.064868554,0.0034890573,0.0118879005,0.11849615,-0.26438144
351792,-0.5451658,0.53690964,-1.2873003,0.23865156,0.60347813,0.3015037,-0.06709055,0.9072289,-0.079866655,-0.16953507,-0.45768544,-1.6651387,-1.00355,-0.37088826,0.27239498,0.45574653,-0.8188774,0.1610765,0.9861472,-0.643934,-0.07427657,1.0584176,-0.074261524,-0.19424793,0.22629564,0.6549521,-0.10762875,0.09685661,0.003486654,-0.23527044,-0.018314062,-0.36017743
386137,-0.92654175,-0.8398142,0.31658477,0.10522609,-0.53475773,1.6996801,0.26420945,0.51517427,-0.77496207,0.78482914,-0.7316993,0.02809359,3.0948327,-0.26776555,0.30382192,-0.019042213,-0.8188764,0.259038,0.19229057,-0.091283835,-0.07427657,0.5458953,-0.074261524,0.19906062,-0.28627896,0.26849693,-0.04748412,0.20009516,0.15982075,-0.2428243,0.029357947,-0.17132251
425739,-1.1467876,0.722538,-0.84832084,0.010451674,0.550284,1.7816536,-1.7362764,-1.3130544,1.1455642,0.77193236,-1.0086737,-1.6101472,-1.00355,-0.6084882,0.32081124,-0.8169755,-0.8188756,0.259038,0.6633989,0.033006407,-0.07427656,0.66849506,-0.074261524,-0.27880365,-0.43272907,-0.4762584,-0.12153153,-0.4780899,0.21872184,0.2720168,-0.06767857,0.37197763
224062,0.49320737,0.8935352,-0.9407736,0.762823,0.0077631096,-0.5076537,-1.5641652,0.10785988,0.42474443,0.5062581,1.0537328,0.08587881,-0.08143671,-0.53569883,-0.25485006,-0.31817833,1.2496147,0.259038,-0.14458726,-0.25145772,-0.07427657,0.065636,-0.074261524,-0.105183244,2.4230444,0.5157202,0.045566276,-0.1764193,-0.08622116,-0.037184548,0.10157117,-0.37386256
256062,-0.5756131,2.1576233,0.2898761,-0.94788206,-1.6903331,1.7538884,0.26420945,-0.39951193,1.1455642,0.5152858,-0.82161176,-0.7309625,0.63580304,-0.38351744,0.3979875,0.49359587,-0.81887466,0.1298352,0.6891017,0.9433834,-0.07427657,0.046278145,-0.074261524,-0.105183244,0.22629564,0.9316159,-0.1319964,2.100637,0.22354688,-0.056159236,0.016946299,0.22828364
272618,-0.9921839,-0.059046816,0.07209848,-0.7186232,-0.41220564,-0.47988853,-1.370396,0.7578188,1.536745,0.7899879,-0.8142488,-0.07338501,1.4555296,-0.63671803,0.38751736,0.73734486,-0.8188781,0.259038,-1.3493857,-0.4785475,-0.07427657,-0.8856645,-0.074261524,0.22732008,1.544345,0.6109841,-0.1319964,1.9205788,0.14326318,0.90332884,0.13354057,0.8030596
148902,0.68822443,0.07271588,0.3620121,-0.09650049,0.32722148,1.5608541,0.26420945,0.4336352,0.42474443,-0.659614,0.17186865,-1.3117362,-0.004569102,-0.29497674,0.33635184,0.5848187,-0.8188568,0.19384496,-0.40895832,5.2447624,-0.07427657,0.065636,-0.074261524,-0.105183244,-0.6524038,-0.0134379035,-0.07944539,0.17192471,0.11587409,0.36365166,-0.021134892,0.89201295
265652,-1.0029216,0.8935352,2.21746,0.09146,0.28078687,-0.7912555,0.26420945,-1.4384522,-0.042851932,0.34375817,-0.57190347,-1.4101506,-1.00355,-0.5833861,0.30652177,-0.75291723,-0.28297934,-0.016820464,0.5130867,-0.5196051,-0.07427656,1.1717994,-0.074261524,-0.42850804,-1.0551411,0.5012571,-0.10819544,-0.18630885,-0.042306565,-0.29376334,0.067721225,-0.15490033
163055,0.33424842,-1.0602634,1.2929322,0.22912116,0.28960356,-0.839514,0.26420945,-1.466756,0.42474443,-0.37201506,1.4387009,0.052828643,2.275156,-0.6064994,0.27499604,-0.51554346,1.0867814,0.1610765,1.2822168,-0.55121577,-0.07427657,0.7417784,-0.074261524,0.17489424,-1.8789219,0.85271144,-0.1319964,2.929457,0.22067942,0.045537602,0.12977947,-0.31912202
235776,0.43573943,-1.3082582,0.32548767,0.53832936,-0.6655387,1.6844754,0.26420945,0.244968,-1.9176265,0.2637979,-0.2520928,0.08539285,-1.00355,3.5667217,-0.21492845,-0.7956146,1.1907461,0.29010293,0.008141851,-0.2906719,-0.07427657,-1.0770308,-0.074261524,0.24581406,-2.336578,0.55428857,-0.1307119,2.1766355,0.24955691,-0.3196237,0.07054205,-0.40123284
205527,0.7464902,0.22900012,-1.4101144,0.8713636,0.33721378,0.641297,0.26420945,0.63501924,-1.0529435,0.86349976,0.5557101,-0.1730877,0.22596522,0.16618145,-1.1095345,-0.100508556,1.5090708,0.1947302,-0.06538754,0.042255316,-0.07427657,0.065636,-0.074261524,-0.105183244,0.22629564,1.0383217,-0.12425164,-1.8566089,-0.00980437,-0.007121881,0.08088509,-0.06366603
142636,0.59498614,-1.3694805,0.2668201,-3.3453047,1.4548773,1.8272678,0.26420945,-0.42838603,0.42474443,0.7113173,0.737164,-0.4780355,0.22596522,-0.46489817,0.4406913,0.08569252,-0.8188723,-0.1460885,-0.14458726,-0.25145772,-0.07427657,0.065636,-0.074261524,-0.105183244,-0.50595397,0.8223388,13.964591,0.5394345,0.011162759,0.37455663,0.09028786,0.009321373
344825,-0.8721342,0.4365346,-0.49129316,-1.620304,0.9967029,-0.06341045,-1.3762473,-1.3890812,0.9939093,0.42500812,-0.5917676,-0.073813185,-1.00355,-0.619287,0.4495152,-0.8026311,-0.81887615,-0.028478641,-0.8354936,-0.3232381,-0.07427656,-2.8822894,-0.074261524,-0.4808301,0.9585452,0.39422983,0.31965506,-0.26200637,-0.09786431,0.12735246,0.112854496,-0.23701118
154759,0.058025513,-0.010984508,0.50559944,0.7506452,-0.622043,1.1503258,0.26420945,-2.0422945,0.42474443,0.7758014,0.17444344,-0.73873776,0.63580304,-0.46489817,-0.21321633,-0.84879124,-0.8188632,0.1610765,-0.14458726,-0.25145772,-0.07427657,0.065636,-0.074261524,-0.105183244,-0.13982917,0.91875976,-0.12802957,0.17629613,0.19671571,-0.11315598,0.022587957,0.091432214
288723,0.10874485,1.3052528,1.8656828,0.09146,1.3526036,-0.99817234,2.0151374,-0.6025445,-0.91431767,-0.85048693,-0.01715333,0.47943053,0.8407525,0.064937375,0.30652177,-0.057742212,-0.8188739,0.1947302,-1.120306,-0.6220994,-0.07427657,0.065636,-0.074261524,-0.105183244,-0.06660429,0.8605215,-0.1319964,1.5219271,0.07302486,0.30966386,0.07759413,0.4506672
367110,-0.6628744,-1.5045127,-0.7786958,0.817358,0.48445264,1.1298323,-2.082793,-0.13963455,-0.9883948,0.31022644,-0.40011942,0.038835254,-1.00355,-0.17099118,-1.6382612,-1.4310185,-0.8188773,0.259038,1.8828149,-0.60449564,-0.07427655,1.5340679,-0.074261524,-0.55321676,0.409358,0.31034362,-0.098845065,0.07473974,0.17292741,-0.65811455,-0.37796974,0.11880249
238116,-0.7858145,0.8935352,-0.7127232,-1.0860727,-0.2878902,1.7452945,-1.5809052,0.59030825,1.0366584,0.8248093,-0.70987904,-1.5451196,0.021045417,-0.5414261,0.40315673,0.2867105,-0.060580783,0.1610765,-2.4463074,-0.7440862,-0.07427657,0.065636,-0.074261524,-0.105183244,0.44597062,0.24072775,-0.13192083,-2.2943497,0.16715693,0.28128177,0.048915695,0.4974247
387332,-0.664967,-1.453426,0.4980662,0.8708342,1.2227042,1.3717862,0.26420945,-1.2696384,-1.9803133,0.15030594,-0.4027511,-1.0693815,1.4554796,1.7063355,-1.1005296,-1.7066199,-0.8188751,-0.8843608,1.3215842,-0.09031225,-0.07427656,0.73901296,-0.074261524,-0.39167804,-0.13982917,0.85319346,-0.122929364,0.7443667,0.09229958,-0.07826001,0.11849615,-0.42860314
224878,0.058025513,-0.14667052,-1.4231262,0.6293975,0.3389771,0.8508582,-2.5491686,-2.1797273,-1.1290481,0.8054641,0.3588981,0.17626733,0.63580304,-0.02480594,0.036059085,-2.8708208,-0.8188632,-2.228661,1.4152853,1.5124991,-0.07427657,0.87175256,-0.074261524,-0.105183244,-0.50595397,0.96311337,-0.12840736,0.14732873,0.1826418,0.7883231,0.12977947,0.31039447
344200,-0.57159793,-0.010984508,-0.9873424,-1.1940838,0.112094045,-0.41378093,0.26420945,0.51844656,0.07817493,1.1149877,-0.5479021,-0.5211295,0.22594024,-0.3721711,0.42185816,0.4458449,0.15885688,0.047534928,-0.19910684,0.69320995,-0.07427657,1.3626126,-0.074261524,-0.55023766,-1.0551411,-2.4193332,-0.094594896,-0.6634701,0.16715902,-0.516277,2.1329313e-05,-0.37386256
180116,-0.8721342,2.1576233,-0.47622657,0.88777703,-0.60558516,-0.7833225,0.26420945,-1.3637643,0.42474443,0.8854243,-0.8003398,-0.40633935,-1.00355,-0.46489817,-1.4505885,-0.45590952,-0.8188778,0.41085705,-0.14458726,-0.25145772,-0.07427657,0.065636,-0.074261524,-0.105183244,0.34833708,0.6224261,0.4736057,-1.0951201,0.07341563,0.12529974,0.115675315,-0.30543685
127099,0.058025513,0.0345439,-0.9661125,0.8385367,1.1815596,-0.5585566,-1.9864993,-1.9413006,0.42474443,-0.9485027,0.23168795,0.17626733,0.63580304,-0.47905838,-0.6950742,-1.6696917,0.80382615,-0.44139248,-1.7652823,-0.668827,-0.07427657,-2.4149356,-0.074261524,-0.18877763,-0.6890164,-1.9622978,-0.107062064,0.55357814,0.16510569,0.17520782,0.042333763,0.15985791
133225,-0.5507112,-0.083568364,-0.27397197,0.40331548,0.5923103,0.26448342,0.26420945,0.278318,-1.8937052,1.1124083,0.047579035,-1.0593296,1.0456418,0.8014319,0.21294883,-0.76332223,0.18025273,0.39564726,0.17159827,-0.3801173,-0.07427657,0.4362007,-0.074261524,-0.14679343,-0.50595397,-1.9565126,-0.12802957,0.1466448,0.18230952,0.39574352,0.15798776,-0.072789475
331720,-0.36928296,-0.14667052,-1.6582531,0.5955117,-0.32962257,1.4226892,-2.2728071,-2.180982,-0.6532716,1.0982218,-0.5764357,-1.6026769,-0.1838735,0.034447744,0.076408714,-2.5053687,0.3661029,-0.064938,1.4504232,-0.34012505,-0.07427656,1.3985629,-0.074261524,-0.47658536,0.5924204,0.7779852,-0.12840736,-0.10509613,-0.008948473,0.54056174,0.18055438,-0.10015976
314800,-0.46554247,0.94045305,-0.87845343,-0.06579146,1.3232145,-0.8448026,0.26420945,-0.6432967,-0.3255597,1.1149877,0.737164,-0.51959425,0.22596522,-0.59896815,0.33221975,-0.44593054,-0.81887406,0.41085705,0.61687374,-0.7377792,-0.07427657,0.74039567,-0.074261524,-0.33193016,0.104254134,0.12617967,-0.12204785,0.085695185,0.11485151,-0.037637565,0.084646195,-0.118406594
130096,-0.9375279,0.0345439,-0.5533849,0.25241768,-0.523296,-0.942642,-2.9955444,-2.0602286,0.6009647,0.27024633,-0.74551517,-0.014747783,-1.00355,-0.55676675,0.26846042,-2.037165,-0.21599182,-0.8843608,-1.3186401,-0.36932075,-0.07427657,0.065636,-0.074261524,-0.105183244,-1.2382035,-1.7173886,0.11149115,0.4041405,0.12095517,-0.10678231,0.0649004,-0.02489148
429178,-0.14115058,-1.4154993,-0.45043105,0.2148256,1.2941194,1.4180616,0.26420945,-0.12925142,0.42474443,0.44564298,-0.9127431,-1.0593096,1.5085528,0.18646732,0.40944543,0.25889716,0.5997955,-0.31522286,-0.14458726,-0.25145772,-0.07427657,0.065636,-0.074261524,-0.105183244,-1.5311035,0.63875335,-0.1312408,-1.1000912,0.15969214,0.14471063,0.115675315,-0.1138449
321000,1.6593859,0.8935352,1.0810897,0.11528596,0.6860612,0.094586775,0.26420945,0.13544962,-1.0245062,-0.009614573,0.18348943,-0.24335851,0.687033,0.8818425,0.30179703,-0.37433612,-0.8188686,-0.064938,0.8709731,0.09409541,-0.07427657,-0.15559669,-0.074261524,0.56223303,0.22629564,0.27531067,-0.12053668,1.2444885,0.15943608,0.00011049505,0.07618371,-0.26438144
215044,-0.008937623,-1.1057099,-0.8980855,0.86130375,0.04479325,0.84292525,0.26420945,-1.2223319,-0.68619204,0.6971308,-0.53169876,0.87525386,-1.00355,0.28820458,-0.9543753,-0.9769163,0.7352309,-0.17354718,1.3616024,-0.69313514,-0.07427655,0.7957038,-0.074261524,-0.5364207,0.104254134,0.12617967,-0.12204785,0.085695185,0.11485151,-0.037637565,0.084646195,-0.118406594
123813,1.9044554,-0.083568364,0.79528487,0.58227503,-0.7698697,0.29952046,0.26420945,0.51213455,1.2826686,0.19673446,1.5958676,1.4305422,-0.1018926,-0.51082087,0.090220764,1.095862,-0.8188443,0.1947302,-3.140346,-0.7111755,-0.07427657,0.065636,-0.074261524,-0.105183244,-0.43272907,-2.7830331,-0.12342049,-0.65033513,0.14327247,-0.30198953,0.04515459,-0.28080362
154530,-0.8721342,0.722538,-1.2904963,-0.3945899,1.3549546,1.7968583,0.26420945,-0.33040833,0.42474443,1.1149877,-0.6949077,-0.7492582,-1.00355,-0.5215386,0.36670873,0.14242308,-0.8188773,0.21455845,-0.14458726,-0.25145772,-0.07427657,0.065636,-0.074261524,-0.105183244,0.9585452,-0.79464024,-0.12802957,0.44147086,0.11547745,0.24307367,0.09028786,-0.15490033
314224,0.1734846,0.07271588,0.28371271,0.45361483,1.3746452,1.7743818,0.7659302,0.4833123,-1.7823119,-0.90723294,0.041000057,0.7556134,0.84072196,1.4991716,0.18715206,-0.3881459,-0.8188781,-1.276794,0.69658476,0.26602218,-0.07427657,1.2188113,-0.074261524,-0.41108075,0.7144619,-1.172289,0.10110184,0.5176038,0.13218223,-0.53415453,-0.07332023,-0.072789475
163356,0.31803077,-0.43349144,-0.8316564,0.31542414,0.30194694,1.2058561,0.26420945,0.5024868,0.42474443,0.8647894,0.44692203,0.792386,-1.00355,-0.46489817,0.24842554,0.62468547,1.0701685,0.1610765,-0.14458726,-0.25145772,-0.07427657,0.065636,-0.074261524,-0.105183244,-1.8972282,1.179482,-0.1319964,0.085695185,0.20029251,0.6221607,0.053052913,0.55125296
103667,1.0541544,-0.6675092,1.4184852,0.09146,1.2053647,-1.158814,0.26420945,0.16021158,0.42474443,-0.13987239,0.9725414,0.20030777,0.6870524,-0.42241782,0.30652177,0.42650196,1.8242335,-0.029205175,-0.14458726,-0.25145772,-0.07427657,0.065636,-0.074261524,-0.105183244,2.7891693,-0.45041752,-0.112917855,0.539437,-0.034492753,0.3439448,0.09592951,-0.10015976
302708,-0.9805308,-1.0602634,0.55079854,0.840125,-1.3958554,1.0009224,0.26420945,-1.494762,0.42474443,0.91379726,-0.79959416,-0.75271434,1.0456418,-0.53569883,-0.71007156,-0.5317594,-0.81887674,-0.8843608,-0.14458726,-0.25145772,-0.07427657,0.065636,-0.074261524,-0.105183244,-1.421266,0.4588319,-0.13109913,1.1785668,0.17446074,-0.18975525,-0.008441158,-0.16858548
452635,-0.4098794,0.0345439,-0.93712103,0.85336167,0.3827667,-0.69011074,-1.2886633,-0.7741849,0.42474443,1.089194,0.26896116,0.044606045,2.275156,-0.6064994,-0.85179734,-0.72125685,0.324517,0.1610765,-0.14458726,-0.25145772,-0.07427657,0.065636,-0.074261524,-0.105183244,0.22629564,-0.2550045,-0.07740532,-1.2338662,0.045258574,-0.037637565,0.084646195,-0.118406594
389918,-0.08741002,0.4365346,-1.1635735,-0.4258284,1.465751,0.65055203,-1.4714731,0.47287208,-0.8533159,-1.0916573,-0.48052907,-0.08783016,-1.00355,0.2879993,0.33393186,-0.7642092,-0.8188721,-0.1460885,0.45627546,2.1950347,-0.07427657,-0.7238881,-0.074261524,0.30236086,0.15307072,-0.607005,0.036272567,1.4970971,0.16982244,-0.11708172,0.104956165,-0.3300701
140392,-1.133709,0.24330446,0.8178844,-0.2680475,-1.5845329,0.22019129,1.1550155,-1.1515365,-1.5647253,0.9576465,-1.1401145,-0.014747783,-1.00355,0.880331,0.355613,-1.0646511,-0.8188774,-12.263335,-0.7715178,-0.4545797,-0.07427657,-1.7567682,-0.074261524,-0.18829538,0.51919556,0.34524795,-0.12591393,-0.74945784,0.25898045,0.1397279,0.07336289,0.29670936
130551,2.368149,-0.07956312,0.17824793,0.4800881,-0.64672977,-1.0510584,0.26420945,0.7349835,1.3906729,-0.26239213,2.5953927,2.005436,0.12350531,-0.57429826,0.1714139,1.2835097,-0.8188755,0.1610765,-0.89542323,-0.67073923,-0.07427656,0.8385677,-0.074261524,-0.40919974,-0.50595397,-2.053319,-0.12462943,-0.5381216,0.0180791,0.09916676,0.07547851,0.17354305
327655,-0.8067406,-0.13195768,-1.1106129,0.5086793,0.6995801,0.13689567,-2.6366742,-1.1309897,0.23743421,-0.50485224,-0.9202689,-1.3175931,-1.00355,-0.28245243,0.15238322,-1.5561894,-0.08201682,-0.064938,0.47925022,-0.23889954,-0.07427657,0.34770763,-0.074261524,-0.5284768,-0.3595042,0.2966519,0.13982561,0.03456977,0.18928306,0.23248023,0.11661559,0.06406193
125482,1.5293965,-0.91942763,1.0484458,0.31754202,-2.3486466,-0.42832458,0.26420945,1.0123891,-1.8112855,1.109829,2.0721853,2.2903354,0.123512715,1.0504404,0.24768473,-0.29355213,-0.81887555,-0.3379044,-0.14458726,-0.25145772,-0.07427657,0.065636,-0.074261524,-0.105183244,0.104254134,0.12617967,-0.12204785,0.085695185,0.11485151,-0.037637565,0.084646195,-0.118406594
395780,0.36773,-0.09721865,-0.6095415,-0.6370854,0.21760054,-0.27363274,-0.16330393,-0.056566358,0.8186484,0.51270646,-0.24523972,0.5081388,0.22596522,-0.29424256,0.38307247,0.34771815,1.1210791,-0.35967246,-1.4293524,-0.7360176,-0.07427657,0.6270139,-0.074261524,-0.5731595,-0.21305405,0.7907128,-0.1319964,-0.09153256,0.22077332,-0.29572606,0.067721225,-0.24385376
143562,-0.57159793,-1.0465312,1.5367334,0.09146,-1.1639762,-1.2731801,0.26420945,-0.4290431,0.5825438,0.69584113,-0.28533307,-0.7437579,0.22594024,-0.5546826,0.30652177,0.17094876,0.15885688,0.259038,1.3118237,-0.3181435,-0.07427657,0.72518593,-0.074261524,-0.12369433,-0.8720788,0.7991978,-0.112917855,0.38471088,-0.00988566,-0.15228176,0.033871274,0.25565392
415879,-0.21819742,0.53690964,-1.5616913,0.78241324,0.494151,1.084218,0.26420945,-0.37867904,-0.3877525,0.9602259,-0.45768544,-0.25158462,-1.00355,-0.08996483,-1.0520474,-0.32646397,0.52087075,0.11389713,1.4016207,-0.42254442,-0.07427657,0.9883606,-0.074261524,-0.2412912,0.22629564,1.1945237,-0.1319964,1.6421962,-0.030808594,0.6022113,0.16927108,0.5840973
156901,0.0695348,-1.4154993,-1.038705,-0.6174951,1.0992703,-0.14207853,0.26420945,1.1487435,0.54559934,0.37342083,-1.0032967,-0.90480566,-1.00355,0.5216987,0.38193655,1.0644677,0.81561595,-3.3875942,-0.5177883,0.3227783,-0.07427657,0.51639754,-0.074261524,3.4619555,-2.8491528,0.9750696,-0.07899205,-0.0830844,-0.0055119717,-0.07098999,0.11990657,-0.42860314
224883,-0.388221,0.722538,1.7104535,0.09146,0.635806,-0.7753897,1.6275791,0.010194974,1.2747798,1.1149877,0.30300725,0.3455964,-1.00355,-0.6727284,0.30652177,1.3336326,0.34670332,0.39564726,-0.08425793,-0.63337696,-0.07427657,-0.37129855,-0.074261524,0.33889544,0.104254134,0.12617967,-0.12204785,0.085695185,0.11485151,-0.037637565,0.084646195,-0.118406594
423792,-0.08008593,-1.1292508,-0.37441447,0.4239647,-0.39457226,1.3770748,0.26420945,1.1085051,-0.26267928,0.76677364,-0.34913257,-0.73937094,-0.1838735,-0.13765565,0.20293961,0.60252035,0.6623485,0.11389713,-0.33624235,0.26106888,-0.07427657,0.95471483,-0.074261524,0.14338507,-0.13982917,0.9052608,-0.112351164,0.11146861,0.02914453,-0.11897195,0.107212834,-0.45597342
277495,1.400427,-0.8398142,-0.4739438,0.21058986,1.4093243,1.2521313,0.26420945,-1.0175134,-0.024299843,-0.067650236,3.6258414,0.487623,-0.08141357,-0.58581924,0.27991834,-0.49911708,2.1789458,-0.016820464,1.2649732,-0.6321899,-0.07427657,1.2243422,-0.074261524,-0.375266,1.3978952,-0.9317508,0.05697563,0.6790769,0.160935,-0.13832453,0.066592894,-0.13300413
116603,-0.47977215,-0.010984508,-0.87365973,0.8507144,0.08858286,-0.77671176,0.26420945,0.86531264,-0.57801443,-2.757926,-0.45768544,-1.0674032,-1.00355,-0.18160416,-0.82079846,0.2905764,-0.81887734,0.047534928,1.4074769,7.4953275,-0.07427655,0.86069095,-0.074261524,-0.27614072,0.104254134,0.12617967,-0.12204785,0.085695185,0.11485151,-0.20403086,0.07336289,-0.2917517
411527,-0.9405229,-0.09721865,1.362329,0.56056696,0.23758505,-1.0318873,-2.28244,0.13094445,-1.362062,0.26766697,-1.1021241,-0.92167884,1.4554343,1.0068911,0.11091415,-1.5551397,-0.21905988,-0.35967246,0.97606146,-0.7127766,0.625173,1.0067966,0.6251871,-0.50800633,0.8853203,-0.23250622,-0.056362253,-0.83601195,0.19655299,0.5795704,0.05643791,0.5430419
123604,1.918345,-0.059046816,-0.5355791,0.6532235,1.4243126,1.7274454,-0.35630503,0.5312883,1.1290289,-2.5515769,1.5224,1.4301553,1.4554796,-0.4828352,0.10739117,0.78113127,2.709487,0.19750941,-0.14932813,-0.11000139,-0.07427657,0.065636,-0.074261524,-0.105183244,0.9585452,-1.318206,-0.11773471,-0.17637922,-0.030987727,-9.705391,-14.042066,0.28302422
165015,-0.359487,-0.059046816,0.9749399,-0.4041203,-1.3159173,0.7721901,0.26420945,0.97870344,-1.8844382,0.42887717,-0.75211877,-0.25276142,0.22598465,3.2557547,0.36744955,-0.35275617,0.37613755,0.29010293,0.7841693,0.07015306,-0.07427656,0.2882514,-0.074261524,-0.39285854,-0.13982917,0.40194353,-0.1319964,1.0143037,0.009156107,-0.34666812,0.033871274,0.091432214
173135,-0.8289744,-0.72399056,0.09287169,-0.20662946,-0.947967,-1.4906743,0.6097359,0.04748167,1.0789388,-1.0748916,-0.60900164,-1.5190917,-0.4912523,-0.6030403,0.34935725,0.8512578,-0.10479257,0.259038,-1.4312115,-0.6989065,-0.07427657,-2.3582447,-0.074261524,-0.24200282,0.9585452,-1.7289591,-0.102591515,0.012702176,0.10241509,-0.5115515,0.067721225,-0.6201951
323331,-0.19672212,-1.1057099,0.19833648,-0.20451158,-1.161625,-0.8057992,-1.7349334,0.6605555,-1.1358129,0.6004047,-0.64977473,-1.3136201,0.30280045,0.7208075,0.33516654,-0.9117835,0.5428695,-0.17354718,-0.99498063,2.3938289,-0.07427657,-0.57593876,-0.074261524,3.178437,-0.23136035,0.9423829,-0.13053244,0.1473447,0.18264958,-0.2672798,0.09592951,-0.53808427
189487,1.160576,-0.059046816,0.03534553,0.86289215,0.28754634,-0.79191655,0.26420945,1.1518385,0.8718956,-2.2975094,0.39137545,0.78247136,1.4554898,-0.34065583,-0.97681373,1.2433386,1.933249,-0.1460885,-1.9711317,-0.047364622,14.089554,-4.1759477,14.089552,-0.707668,-0.28627896,-1.2580394,-0.04627518,0.15096113,0.15550886,-0.4753778,0.039512936,-0.30999857
287107,-0.7426547,-0.96487427,-0.9188589,0.7506452,0.039503228,-0.41245878,0.26420945,-0.13528752,0.42474443,0.716476,-0.66464865,-1.3170464,0.53334314,-0.46489817,-0.21321633,0.25540182,-0.81887144,0.1610765,-0.14458726,-0.25145772,-0.07427657,0.065636,-0.074261524,-0.105183244,0.9585452,0.8300525,-0.112917855,0.43907863,0.11485163,-0.11373754,0.050796248,-0.15490033
398903,0.87118286,0.94045305,1.6759834,0.09146,0.52354,-0.8071213,0.26420945,0.9695426,0.42474443,0.7461387,0.6677168,1.9795662,0.53334314,-0.39409766,0.4186809,0.8951194,-0.8188764,0.1947302,0.2625664,0.79501307,-0.07427657,-0.7612211,-0.074261524,-0.105183244,-1.2382035,0.87440616,0.027432222,-0.18062441,0.023304801,-0.12769596,0.107212834,-0.42860314
298648,-0.52719563,-0.6675092,-0.15572374,0.8523028,0.38335449,-0.91355455,0.26420945,0.8468956,1.1946689,0.9228251,-0.43885314,-0.09391708,1.455426,-0.55690724,-0.83922,1.2419382,0.20434135,0.41085705,-1.0754634,0.12332631,-0.07427657,0.5537306,-0.074261524,-0.05515057,-0.50595397,-2.157068,-0.08105732,-0.031726312,0.15550101,-0.093454264,0.0747733,-0.21648347
125070,0.33424842,-0.059046816,-0.026517982,0.67228425,-1.1419344,-0.7727453,0.26420945,-1.9231659,-1.2656677,1.109829,0.053482752,0.0650388,2.275156,0.47951746,-0.028424593,-1.6971902,1.0867814,0.2239929,1.1258856,-0.6362795,-0.07427657,0.46178073,-0.074261524,-0.3974441,-0.3595042,1.0128665,-0.1239494,1.367443,0.21554124,0.38701943,0.1523461,-0.12753005
246860,0.6834376,-0.09721865,-1.2400467,0.63045645,-1.4240688,0.15011719,-2.618685,-0.6275144,0.012884496,0.3772899,0.25098208,0.49805507,-0.0814034,-0.22498885,0.03467623,-1.3795005,1.4444814,0.11389713,0.9789896,-0.2888264,-0.07427656,0.6097301,-0.074261524,-0.36318302,-1.2382035,0.32287833,-0.10347303,0.17630409,0.19671957,-0.08407598,0.112854496,-0.37386256
298651,0.13492848,0.53690964,-1.122255,0.096754655,0.8544601,-0.029695563,-1.2458613,-0.17713034,0.022195896,0.73582125,0.25503558,0.4982293,-1.00355,-0.39311573,0.34310147,-0.5772885,0.88260335,0.1610765,-0.6031929,-0.8357754,-0.07427657,0.065636,-0.074261524,-0.105183244,1.6907948,0.4257273,-0.115058675,-0.5329497,0.24755558,0.41973442,0.1326003,0.050376795
261702,-0.15280372,0.53690964,-0.2924624,0.66698956,-0.040140953,-1.1462535,0.53360486,0.8069664,0.924587,1.1149877,-0.40628725,0.08046456,-1.00355,-0.40949002,-0.019452522,1.1775028,-0.8188724,0.11389713,-0.6321493,-0.2036858,-0.07427657,-0.5879221,-0.074261524,-0.105183244,2.4230444,-1.4358395,-0.09686165,-0.19198461,-0.08833864,9.132335,-0.078961894,13.229167
334147,2.3975496,-0.14667052,-0.4081997,-0.24686888,-0.3313859,-0.17579344,0.26420945,0.23640351,-1.7162775,-0.4236023,0.98146296,1.9892545,-1.00355,2.1729262,0.35353872,-0.6913025,3.2003715,-0.17354718,1.172736,0.52184933,-0.07427656,0.48597807,-0.074261524,-0.5120755,-0.72562903,0.61021274,-0.1319586,0.9058209,0.16984035,0.14667355,0.05361708,0.48830134
263078,1.0300372,-0.87038445,0.5843556,0.09146,-0.9423831,0.8958113,0.26420945,-0.16557549,0.42474443,-0.07151928,1.1930863,1.530262,2.0702372,-0.46489817,0.30652177,0.2378645,1.7995286,0.1610765,-0.14458726,-0.25145772,-0.07427657,0.065636,-0.074261524,-0.105183244,-0.6890164,-0.7435371,-0.07400518,-0.2230017,0.16859458,-0.20467612,0.035281688,-0.2096409
218397,-0.3403659,-0.80033445,-0.7065598,0.85547954,0.7830449,-1.0272597,0.26420945,-0.5652894,1.0620843,1.0298687,-0.5537075,-1.066425,-0.183892,-0.42878428,-0.8776929,0.35230374,0.39572468,0.11389713,-2.5748208,-0.27299345,-0.07427657,0.065636,-0.074261524,-0.105183244,-1.2382035,-0.22157846,-0.08269442,-0.9593048,0.18495405,0.16019577,0.12977947,-0.27806658
207629,-1.133709,0.722538,-0.87228996,-0.6190836,0.66695833,1.0769463,0.26420945,-0.2656546,0.42474443,0.7035792,-0.9922263,0.0081972685,-1.00355,-0.53569883,0.38203534,0.17991698,-0.41695437,0.259038,0.15715264,-0.44877744,-0.07427657,0.065636,-0.074261524,-0.105183244,0.04323322,0.21488692,-0.04925974,-1.8240262,-0.0908645,-0.415006,0.042333763,-0.18227062
104917,3.0514867,-0.13195768,-0.38514337,0.6696369,-0.011927517,-0.899672,0.26420945,0.49965015,-0.4404624,-1.0942367,1.712459,2.297581,-1.00355,0.03470725,-0.0238974,0.1535003,-0.81886387,-0.624802,-1.0446944,0.91093266,-0.07427655,-1.7374102,-0.07426152,-5.457373,-0.50595397,-1.8459498,0.33665574,0.26606292,0.16230263,-0.38069165,0.04797542,-0.44228828
332158,-0.74134684,-1.0465312,-1.3112696,0.3657234,1.0963315,1.4603705,-2.6346385,-1.8170825,0.42474443,0.58879757,-0.115031086,-1.0591781,-1.00355,-0.63481975,0.22941135,-1.8510025,-0.015029291,-0.016820464,-0.14458726,-0.25145772,-0.07427657,0.065636,-0.074261524,-0.105183244,0.5924204,0.63913906,-0.04680409,-1.6734942,-0.03697452,0.12179483,0.025408788,0.3514499
426763,-0.2610564,-1.1129848,-0.70815766,0.7760596,0.68753064,-0.72911423,0.26420945,1.2692425,-1.8389695,0.7113173,-0.49137172,0.04725919,2.275133,2.1372871,-0.30622956,-0.15985349,-0.8188769,0.11389713,1.7051733,-0.535801,-0.07427656,1.2824157,-0.074261524,-0.49356437,0.83650374,0.87247765,-0.12557392,-1.4538192,0.12071965,-0.442632,0.07336289,-0.45597342
413222,0.6688025,0.8935352,0.12848325,-0.2717538,-0.018099206,-1.3743249,0.26420945,0.31055078,-0.024299843,-2.4355056,1.2745558,0.08674003,-0.08141357,-0.46764243,0.35597518,0.26985675,1.4294895,0.259038,0.46441427,-0.08364075,-0.07427657,0.4845954,-0.074261524,-0.24522685,0.8853203,-1.1859164,-0.12874737,-0.6301119,0.16716637,-0.37864342,0.06631081,-0.12753005
179669,0.30495206,-1.3082582,-1.4012115,0.8745404,0.34044656,1.8226403,-1.3576546,0.56033516,-1.3736442,0.41340095,-0.4931324,-1.059341,-1.00355,1.4289237,-1.7126389,-0.95147574,-0.8188607,0.26617113,1.1865635,0.6973344,-0.07427656,0.5477389,-0.074261524,0.08272394,-2.5196402,1.0089134,-0.11490127,0.5811891,0.0036682785,-0.2472146,0.059258737,-0.22332604
145452,0.1741647,0.722538,-0.8140788,0.48326492,1.3299739,-0.9624742,0.26420945,1.0668688,-0.6779933,0.9628052,-0.5137562,0.08351764,-1.00355,0.39967978,0.20333472,0.35302365,0.9227959,0.30357924,-0.4959898,0.22725207,-0.07427656,-1.0792431,-0.074261524,-0.66650486,1.251445,-0.77747726,-0.06610931,0.6857396,0.26635,0.13681991,0.06348998,0.050376795
196420,0.08284896,-0.7620808,1.0861117,0.1645263,0.056254957,-0.5466572,0.26420945,-2.02295,-1.8813124,-0.95495117,0.20045759,-0.9113207,0.32842422,1.5813327,0.29114577,-2.0890744,0.8292545,-0.1460885,0.010034741,0.34705144,-0.07427656,0.03199014,-0.074261524,-0.3224806,-0.28627896,-0.2857305,-0.12818068,0.24415624,-0.039867096,-0.32234997,0.0526768,-0.10015976
388941,-0.64969105,-1.3086671,-1.0991988,0.3768422,0.25874513,-0.25842795,-1.8433164,-2.2300699,-1.2656677,0.55655557,-0.7968311,-0.25826463,2.0702372,0.5515816,0.16919145,-2.6983283,-0.8188705,0.11389713,1.4045489,-0.74891967,-0.07427657,1.2695105,-0.074261524,-0.5097728,-1.1466724,0.23609951,-0.122079335,-0.5480941,0.20524842,-0.15476453,0.0747733,-0.2506963
298967,-0.01103021,1.3052528,-0.60269314,0.48697114,-0.51212823,0.8997778,0.26420945,-2.1650975,-1.9952667,1.1149877,-0.49332148,-0.24955449,0.22596522,4.29901,0.16703486,-2.233223,0.7330873,-0.35967246,0.8823604,-0.33812115,-0.07427656,0.1928448,-0.074261524,-0.49449366,-0.28627896,0.5677875,-0.11597797,0.13027605,0.023305543,0.39399865,0.12695864,0.43356076
101531,0.43573943,-0.37619266,-0.4634431,-1.5165286,1.3061688,-0.8269536,0.26420945,0.7299573,-0.3700572,0.68681335,1.5982409,0.08539285,-1.00355,-0.493389,0.41558594,0.32506087,1.1907461,0.39564726,1.3049914,0.55347157,-0.07427655,0.71550703,-0.074261524,-0.45100603,0.4703789,0.99461085,-0.10668427,-1.6076038,0.04025553,-0.3943466,0.09028786,-0.56545454
339823,-0.2587938,0.4365346,0.7304536,0.5399178,-1.060527,0.6181593,0.26420945,1.3066088,-1.6028252,-0.87499094,0.50646174,0.8847936,0.63580304,0.15180567,0.12862782,-0.010063171,-0.81887764,0.39564726,1.3850278,-0.83811396,-0.07427657,0.8288887,-0.074261524,-0.46157786,-0.7988539,-0.829159,-0.12338271,-0.3705797,0.19380727,-0.11104002,0.06348998,-0.1138449
413453,2.170647,0.07271588,-0.2328817,0.14599499,0.89707416,0.09855325,0.26420945,-1.0376871,0.42474443,1.0118132,0.45138338,0.48975843,-0.32732293,-0.040094562,0.2953108,-0.26710442,-0.81886685,-0.020403797,-0.14458726,-0.25145772,-0.07427657,0.065636,-0.074261524,-0.105183244,-1.7873907,0.4327982,0.057088964,-0.03716023,0.027792063,0.35212356,0.14670444,-0.045419194
258918,-1.0029216,-0.96086913,-0.5378619,-0.7196821,0.92323035,-0.9188432,-2.7494729,-1.8539659,0.4527242,-0.91884005,-0.93740153,-0.014747783,-1.00355,-0.4691239,0.31006122,-1.9020413,-0.8188777,-0.1460885,-0.94305474,-0.45267332,-0.07427657,0.76113623,-0.074261524,-0.44948438,-2.0619843,-1.7024434,0.14648421,0.67436904,0.19654964,0.12516676,0.039512936,-0.059104335
435187,-0.08008593,4.3063684,-0.88804114,0.9507835,-0.15240693,-0.5327746,-3.1999974,-0.1304641,-1.3146962,-3.5807426,-0.47541207,-0.9039304,-0.1838735,0.8077898,-10.615272,-2.0392952,0.6623485,0.1298352,0.9719945,0.014637069,-0.07427656,0.3757568,-0.074261524,-0.029793369,0.104254134,0.12617967,-0.12204785,0.085695185,0.11485151,-0.037637565,0.084646195,-0.118406594
401126,-0.49640825,-0.8309864,1.6702765,0.09146,-1.7790879,-0.76943994,0.26420945,-0.6986279,1.7178462,1.1149877,0.6724709,1.5442231,0.63580304,-0.74465257,0.30652177,0.63097644,0.23587918,0.41085705,-0.40407804,-0.5666306,-0.07427657,0.065636,-0.074261524,-0.105183244,0.22629564,0.42508456,-0.12614061,-0.32088438,-0.010933629,0.23434965,0.124137804,-0.045419194
121213,0.69731414,0.22900012,0.90234745,-1.2009668,-1.8505032,-0.015812961,0.6884869,0.5618834,-0.98109776,-1.2515777,0.4560596,-0.23749924,-1.00355,0.13976479,0.38435656,0.06190486,1.4586961,0.19750941,-0.029007385,-0.30432045,-0.07427657,-0.4586064,-0.074261524,0.27780658,-0.13982917,-0.7769632,0.02403209,0.5576459,0.0435565,0.5215871,0.08088509,0.38338193
165459,-1.0029216,0.53690964,-1.5347544,0.092518926,0.49620822,1.5958911,0.26420945,0.6855654,-0.49257788,-0.19274934,-0.38915452,-0.014747783,-1.00355,-0.5729662,0.3063242,0.23286542,-0.8188741,0.41085705,1.8037544,0.29152086,-0.07427657,1.3902667,-0.074261524,-0.105183244,0.81209546,0.5913143,-0.12818068,0.59848064,-0.020634761,0.020611908,0.107212834,-0.2096409
354782,-0.96368533,-0.13195768,-0.3038763,0.88883597,-0.93150914,-0.8990109,0.26420945,-1.9689164,-1.367866,0.82094026,-0.60160017,-1.5472332,-1.00355,-0.094832025,-2.7793605,-1.7791431,-0.8188789,0.1610765,1.7071254,-0.8403734,-0.07427656,1.2851812,-0.074261524,-0.49074095,-1.4578785,0.98625445,-0.1319964,-1.338038,0.08311777,-0.20963915,0.09592951,-0.37386256
180697,-0.21819742,-0.083568364,-0.5746148,0.4737345,0.49150598,-0.4448515,0.96995735,0.19042763,-2.00731,-2.0331247,-0.45768544,0.047470275,-1.00355,3.5818498,-0.05751386,-0.60012066,-0.81886613,0.11389713,-0.025694741,-0.05038871,-0.07427656,-0.45518252,-0.074261524,-0.4401101,-0.50595397,-0.47114804,-0.12935184,-0.4523667,0.15550096,-0.3457957,0.07054205,-0.51071393
261209,-1.3780196,0.8935352,2.1994257,0.09146,1.0834002,-0.015812961,0.26420945,0.34755757,0.76488745,-0.0702296,-1.127601,-1.4571607,0.021045417,-0.7256572,0.30652177,0.719572,-0.8188793,0.48109356,0.6341173,-0.39706746,-0.07427657,0.6242485,-0.074261524,-0.105183244,-0.8720788,0.18306798,-0.037453715,0.7022604,0.09430819,0.041985657,0.05643791,-0.072789475
400630,0.6674946,-0.96086913,0.31201923,0.6579887,-0.9864666,1.7036465,0.26420945,-1.0993102,-0.042851932,-1.2618953,3.111951,1.5268451,0.53334314,-0.6344387,-0.004916119,-0.5565471,-0.818857,0.1298352,-0.7974276,-0.4761969,-0.07427656,-0.8524796,-0.074261524,-0.31130704,-1.7507783,0.8555076,-0.1319964,2.1648526,0.09467382,-0.35302743,0.016946299,-0.16858548
409713,-0.21819742,-0.6675092,-1.1688238,-0.6116711,-1.0090961,0.21490267,0.26420945,1.0181199,-0.09832571,-0.5087213,-0.45768544,-1.059406,-1.00355,-0.19230466,0.28842947,0.6393797,-0.8188773,0.39564726,1.4143094,0.23494074,-0.07427656,0.8703699,-0.074261524,0.09467117,0.3727454,0.1628196,-0.13120303,0.75131017,0.21219929,-0.10152399,0.10439201,-0.1138449
348618,-0.24295545,-0.37619266,1.1463774,0.09146,0.100926235,0.5275918,0.26420945,-1.7600842,0.7287827,0.29603994,-0.33307275,0.8847984,0.6357836,-0.4428806,0.30652177,-0.520386,0.49550933,0.1947302,1.262045,-0.8096455,-0.07427657,0.065636,-0.074261524,-0.105183244,-1.1649786,0.80999696,-0.1243272,-0.6878511,0.08268794,0.36964422,0.08887745,0.057219367
298944,-0.21819742,1.3052528,-0.6805361,-1.5853592,-0.44717854,-0.94991374,0.26420945,-0.72226626,0.42474443,-0.3049516,0.57027775,0.064804636,-1.00355,-0.6064994,0.4171828,-0.08446987,0.52087075,0.39564726,-0.14458726,-0.25145772,-0.07427657,0.065636,-0.074261524,-0.105183244,1.7640201,0.01240296,-0.12836958,0.085695185,0.15549782,-0.04263701,0.09480118,-0.14395222
322501,0.33424842,-0.09721865,-1.109243,0.8475375,1.054893,1.8239625,0.26420945,-0.020823382,-0.4404624,1.1149877,-0.023473794,0.052828643,2.275156,-0.06800488,-0.505426,-0.14786372,-0.8188757,0.11389713,0.25475797,-0.07042713,-0.07427657,-0.7722827,-0.074261524,-0.105183244,0.22629564,1.2735888,-0.1319964,-3.3691475,0.17141472,-0.16176866,0.05361708,-0.22606309
446357,0.043377332,-1.0388477,0.00932181,0.3540752,-1.2830017,-1.1958343,0.26420945,-1.6595337,-1.6213005,-1.448899,-0.49880388,-0.014747783,-1.00355,1.779184,0.23408669,-1.7375419,-0.8188741,0.29010293,0.9959077,0.8609372,-0.07427656,1.1026642,-0.074261524,-0.21255757,0.5924204,-2.8208299,-0.12716065,-0.3709029,0.15550573,-0.16958182,0.04092335,-0.004363771
354793,-1.2704601,0.4365346,0.6530674,0.30589378,-1.4681524,0.70476025,0.26420945,-0.27629453,-1.550038,0.86994815,-1.1986412,-0.30684182,2.0702372,0.47338718,0.2517016,-0.8979467,-0.5570386,-0.03935561,1.8105869,-0.6591197,-0.07427655,1.4317478,-0.074261524,-0.5530158,0.6656453,0.9237737,-0.113031186,0.47426122,0.05941739,-0.24534518,0.08746703,-0.41491798
309305,-0.21819742,-1.186059,-0.3180297,0.8221232,0.66960335,-1.5514933,-1.4124453,0.5252725,0.8453391,0.3772899,0.57027775,-0.08954775,-1.00355,-0.6436599,-0.5597523,0.21104467,0.52087075,0.39564726,0.090223275,-0.61341685,-0.07427657,0.6297794,-0.074261524,-0.4240034,1.2026285,0.68799233,-0.054926634,0.09402778,0.047222093,0.4083933,0.10157117,0.33776477
312743,-0.2587938,-1.5767696,0.9297408,-3.9128923,-1.5695444,0.16135548,0.26420945,-2.061225,0.42474443,0.6906824,3.4946275,0.046931684,0.63580304,-0.7764208,0.44464228,-0.8597521,0.47928497,0.4305213,-0.14458726,-0.25145772,-0.07427657,0.065636,-0.074261524,-0.105183244,-1.2382035,0.7914841,-0.12802957,0.27011144,0.0706476,-0.2707694,0.022587957,-0.37386256
449842,-0.664967,-0.26249412,-0.034507707,0.65428245,-0.25497454,1.8576773,0.26420945,0.634025,0.42474443,-0.35395953,-0.94419986,-1.0693815,1.4554796,-0.18169583,0.0008292993,0.70084804,-0.81887823,0.29010293,-0.14458726,-0.25145772,-0.07427657,0.065636,-0.074261524,-0.105183244,-0.8720788,0.07218394,-0.13192083,1.9370402,0.24429837,0.0042987545,0.10580242,-0.28490913
102025,-1.185553,-0.14667052,-1.4333987,0.35566357,0.3090003,1.1463592,0.26420945,-0.5741049,0.5733202,0.1606234,-1.1287946,-1.5525266,0.021045417,-0.48641458,0.23346113,0.08194978,-0.47006208,-0.8843608,-0.11301898,-0.5942506,-0.07427657,-1.3765244,-0.074261524,-0.55321676,-0.6890164,0.1213586,0.00778699,-0.086388126,0.020712558,-0.21862677,0.059258737,-0.12753005
333337,-0.21819742,-0.13195768,-0.9236526,0.8507144,1.2744287,-0.4303078,0.26420945,0.24802606,0.42474443,0.4404843,-0.89824104,-1.0659904,-1.00355,0.101506606,-1.2526597,0.4773477,-0.8188728,-0.257856,-0.39236543,1.3384168,-0.07427657,-0.7114437,-0.074261524,-0.36484075,-0.8720788,0.41737083,0.2854648,-0.21097022,-0.055209707,-0.2694608,0.07336289,-0.2096409
126146,-0.8680013,-0.083568364,1.5152752,0.09146,-1.1727929,-1.4252278,0.26420945,0.41412532,-0.3877525,-0.035408203,-0.4511887,-0.17201756,0.53334314,-0.48983335,0.30652177,0.132585,-0.14477071,0.39564726,0.9955826,-0.0007983195,-0.07427657,0.6823221,-0.074261524,-0.105183244,-0.3228916,-0.96530527,-0.122929364,0.37787077,0.009155985,-0.018981604,0.042333763,0.5019865
442073,-0.9776796,-0.059046816,0.79711115,0.37419486,0.10415902,0.3015037,0.26420945,-0.5690874,0.42474443,1.1149877,-0.7519891,-0.26986212,0.53334314,-0.55693907,0.22588836,0.004223667,-0.8188738,0.87672734,-2.5387068,-0.81926435,-0.07427657,0.065636,-0.074261524,-0.105183244,0.15307072,-0.21746457,-0.12598948,-0.12509519,0.15549958,-0.23346859,-0.0027995012,0.043534227
246512,-0.74134684,-0.09721865,0.81240565,0.91372085,0.49150598,0.2420068,0.26420945,-1.1268743,-1.0948387,0.85318226,-0.97166705,-0.014747783,-1.00355,0.6063168,-2.4436734,-1.1434147,-0.015029291,-0.35967246,1.6358734,-0.3739452,-0.07427656,1.1842437,-0.074261524,-0.47332022,0.5924204,1.034465,-0.123496056,-0.1051038,-0.008950838,0.06423184,0.107212834,-0.3464923
404729,0.33424842,-1.1998729,-0.50772905,0.40861017,1.2012502,0.7259147,0.26420945,-0.77049845,0.42474443,0.9834401,-0.31590876,0.0650388,2.275156,-0.18169583,0.21046299,-0.11239682,1.0867814,0.29010293,-0.14458726,-0.25145772,-0.07427657,0.065636,-0.074261524,-0.105183244,0.6839517,1.0243406,-0.12807679,0.39110395,0.22226644,0.044602867,0.1326003,-0.37386256
356543,0.6688025,-0.96086913,-1.4537154,0.71305317,1.4592855,0.7662404,0.26420945,-0.28417352,0.42474443,0.4043732,0.8145217,-0.08292332,-0.08141357,-0.46489817,-0.110160984,0.1691944,1.4294895,-0.1460885,-0.14458726,-0.25145772,-0.07427657,0.065636,-0.074261524,-0.105183244,-2.336578,0.36337516,-0.112917855,-0.15027876,-0.039332025,0.046783876,0.10157117,-0.2096409
214190,-0.9639993,0.0345439,-0.2794507,0.06975188,0.705164,-1.0801458,0.26420945,-2.180012,-0.8687087,0.5462381,-0.77880466,-0.7524722,1.0456418,-0.22867027,0.31060448,-1.6304817,-0.24310836,-0.8843608,0.7421339,-0.4297007,-0.07427657,0.22326428,-0.074261524,-0.067470334,0.07984584,0.9904969,-0.11306897,-0.036039,0.11956995,-0.3850537,0.059258737,-0.27806658
250054,-0.89933795,-1.0388477,1.2105237,0.09146,-1.0617025,-0.87983966,0.26420945,-1.013725,-0.92183524,-0.98461384,-0.50044876,0.32709858,0.53334314,-0.34134236,0.30652177,-0.984011,-0.81887734,0.39564726,0.44118416,-0.38759762,-0.07427657,-0.19246873,-0.074261524,-0.3400337,0.73887026,0.53770417,-0.1319964,1.172418,0.21709919,-0.34388834,0.013722497,-0.19791077
386265,-0.08008593,0.8935352,1.990095,0.09146,1.2027197,-0.55525124,0.26420945,0.25831404,-1.2085189,-1.0026693,-0.72797126,-0.6428194,-0.1838735,1.1649308,0.39997947,-0.40305823,-0.8188647,-0.064938,-0.47557393,-0.034680504,-0.07427657,0.10849984,-0.074261524,0.12606716,0.15307072,1.0741904,-0.1319964,0.085695185,0.047820356,-0.08831101,0.083705924,-0.36017743
