AMT_CREDIT,REGION_POPULATION_RELATIVE,DAYS_BIRTH,DAYS_EMPLOYED,DAYS_REGISTRATION,DAYS_ID_PUBLISH,EXT_SOURCE_1,EXT_SOURCE_2,EXT_SOURCE_3,DAYS_LAST_PHONE_CHANGE,CREDIT_INCOME_RATIO,CREDIT_ANNUITY_RATIO,CREDIT_GOODS_RATIO,INCOME_EXT_RATIO,CAR_EMPLOYED_RATIO,EXT_SOURCE_MEAN,OBS_30_CREDIT_RATIO,REGIONS_RATING_INCOME_MUL_0,DAYS_CREDIT_MEAN_OVERALL,AMT_CREDIT_SUM_MEAN_OVERALL,CURRENT_DEBT_TO_CREDIT_RATIO_MEAN_OVERALL,DAYS_CREDIT_MEAN_CREDITACTIVE_ACTIVE,CURRENT_DEBT_TO_CREDIT_RATIO_MEAN_CREDITACTIVE_ACTIVE,CURRENT_CREDIT_DEBT_DIFF_MEAN_CREDITACTIVE_ACTIVE,HOUR_APPR_PROCESS_START_MEAN_LAST_5,DAYS_DECISION_MEAN_LAST_5,SELLERPLACE_AREA_MEAN_LAST_5,INTEREST_SHARE_MEAN_LAST_5,INTEREST_RATE_MAX_FIRST_2,DAYS_PAYMENT_DIFF_MEAN_MEAN,DAYS_PAYMENT_DIFF_MIN_MEAN,DAYS_PAYMENT_DIFF_MAX_MEAN,TARGET,SK_ID_CURR,NAME_FAMILY_STATUS,CNT_CHILDREN,NAME_EDUCATION_TYPE,NAME_INCOME_TYPE,AMT_INCOME_TOTAL,NAME_CONTRACT_TYPE,AMT_GOODS_PRICE,NAME_HOUSING_TYPE,AGE,YEARS_WORKING,GENDER
2.7267103,0.71482205,0.10518019,1.016111,0.10165554,1.9750283,1.5108044,0.16752134,0.11206273,-0.20941055,2.4220524,0.32903978,-0.9760997,-0.056079976,-0.0026365817,0.80840427,-0.7622495,0.07538538,0.053351644,-0.18896604,-0.010803135,0.18145983,-0.016790975,-0.15472005,1.1518042,0.42237404,-0.18000118,-1.1054499,-0.05467733,0.19171675,0.21398453,-0.07971614,0,281902,Married,0,Secondary / secondary special,Working,162000.0,Cash loans,1696500.0,House / apartment,45,0,Man
-0.04039354,-0.7455658,-1.1104527,0.005433099,0.22910805,-0.49209884,0.48746133,0.70944315,1.3197399,0.43523896,0.13355643,-0.4732539,-0.34523597,-0.06342224,-0.0025453358,1.3381382,-0.7622627,-0.384118,-0.5905786,-0.14104599,-0.010803135,-0.71730286,-0.016790975,-0.11728367,0.0126526905,0.82782465,-0.18958396,0.17808433,0.17321648,-0.5827973,-0.010704719,-0.7268502,0,179023,Married,2,Higher education,Commercial associate,135000.0,Cash loans,540000.0,House / apartment,30,6,Man
-1.1307508,-0.7455658,-0.29033023,-0.13687633,1.3370081,-1.3063037,0.012102936,0.31645176,-1.3856963,0.61545056,-1.3227456,-1.6852292,-0.45038024,0.0050254203,-0.0025466827,-0.55515283,-0.42097196,-0.09815118,0.77438354,-0.30009344,-0.010803135,-0.46746117,-0.016790975,-0.37760454,-0.15700836,0.9272033,-0.22872494,-3.5724113,-0.0052510756,-0.36382964,0.11100195,-0.69675094,0,451072,Married,1,Secondary / secondary special,Commercial associate,360000.0,Cash loans,135000.0,House / apartment,40,6,Man
0.671496,0.84539586,-0.8895536,-0.6859848,-0.30795243,-0.63652253,0.012102936,0.8289359,-0.8875265,-1.915978,-0.034959093,-0.47341236,-0.34522742,-0.036705177,-0.0025458448,0.014873584,-0.76224905,0.15766932,1.6112736,0.12931633,-0.010803133,0.90857553,-0.016790975,0.02220754,1.7698545,-0.81209373,0.17247005,-1.8415251,-0.060889978,0.21874191,0.054829646,0.085829794,0,309025,Married,1,Incomplete higher,Commercial associate,225000.0,Cash loans,805500.0,House / apartment,33,10,Man
-0.7219171,1.0789973,0.42232192,0.3555892,-0.38118795,1.0481994,0.012102936,0.4733553,1.1579674,-0.82745165,-0.19712813,-0.77520263,-0.13497402,-0.06677215,-0.0025477696,0.9076927,-0.762266,0.34036085,0.014184442,-0.2765323,-0.010803135,0.18145983,-0.016790975,-0.15472005,-0.011584554,0.36302292,-0.18688458,0.13602106,0.027018817,0.9715705,0.41526863,0.3416735,0,215939,Married,1,Secondary / secondary special,Commercial associate,90000.0,Cash loans,279000.0,House / apartment,48,4,Man
0.73933864,-0.14945222,-1.0873086,0.11403767,-0.4569782,-0.207889,-0.04404238,0.12441275,-1.5971808,-0.99919695,-0.33173022,1.2895077,0.2856363,0.00021569802,-0.002548396,-0.80625546,1.3641174,-0.037434015,-0.48920646,-0.2524543,-0.010803135,-0.048197437,-0.016790975,-0.13807786,0.0126526905,0.2688204,-0.19318314,0.08013292,0.10061441,-0.09856695,0.09227785,-0.1950966,0,215840,Married,1,Secondary / secondary special,Working,292500.0,Cash loans,774000.0,With parents,30,5,Man
-0.149872,-0.7658098,0.7584827,0.048968554,-1.0340627,0.07433338,0.4792792,-0.48102197,-1.5056833,-0.8867159,0.118175164,-0.27076074,-0.029774668,-0.044250913,-0.0025469675,-0.8883253,-0.7622654,-0.24138103,0.10566582,0.08592381,-0.010803135,0.74169654,-0.016790975,0.2678478,-0.44785565,0.6501165,-0.22872494,2.2708964,0.1806907,0.015441206,0.057950333,-0.0446003,0,200698,Married,1,Secondary / secondary special,Commercial associate,126000.0,Cash loans,481500.0,House / apartment,53,5,Man
-0.70567197,-0.45896855,-0.94477844,0.29613757,-0.29603037,-0.74318403,-1.5416149,0.67830324,-0.8684538,-0.08967266,0.2636316,-0.27914983,-0.9760997,-0.0631465,-0.0025475633,-0.7313838,-0.7622659,0.36070132,1.5863491,-0.30028626,-0.010803133,0.8775837,-0.016790975,-0.34346703,-0.5932791,-0.35747144,0.9697986,-0.28729597,-0.13375218,0.07432151,0.18589838,-0.27536133,0,279033,Married,0,Secondary / secondary special,Working,67500.0,Cash loans,315000.0,House / apartment,32,4,Man
1.0577005,-0.14590947,0.86618274,0.28256202,0.73806655,-0.24233869,0.012102936,0.89163846,-1.2076699,0.96861684,-0.2618958,-0.26528722,0.12791134,-0.011983481,-0.0025475207,-0.12071399,-0.7622648,0.58167535,0.28627762,-0.114919364,-0.010803135,-0.33228913,-0.016790975,-0.22117901,-0.32060984,-0.008525087,-0.22872494,1.1342463,0.1865837,-0.44702992,-0.20730782,0.20622683,0,315404,Married,0,Secondary / secondary special,Pensioner,315000.0,Cash loans,900000.0,House / apartment,54,-24,Man
-0.37026003,-1.0264512,0.4076564,-0.1158108,0.29695028,1.0786741,2.2361016,1.2590364,-0.66397125,-0.42590636,-0.40912277,-0.3212894,-0.9760997,-0.050567,-0.0025495,1.3444607,0.3049526,0.07166868,-0.22599766,-0.20115432,-0.010803135,-0.3557316,-0.016790975,0.060452886,1.2245159,-0.83711094,-0.16056566,-0.20005327,-0.06909304,0.7912569,0.39186352,-0.03456725,0,316471,Single / not married,0,Secondary / secondary special,Working,157500.0,Cash loans,450000.0,House / apartment,48,6,Man
-0.37026003,-0.45896855,0.030936277,-0.5942327,-0.98836154,-0.8783328,0.012102936,-0.8479231,-1.4663726,-0.3364053,-0.64517695,-0.65736556,-0.9760997,-0.02726784,-0.002546255,-1.2839013,0.3049526,-0.384118,0.33924958,-0.009502109,-0.010803135,1.0963144,-0.016790975,0.22886826,-0.52056736,0.57351226,0.108832225,0.24331014,-0.010968309,-0.26276767,-0.07623909,0.0015518848,0,448925,Married,0,Secondary / secondary special,State servant,202500.0,Cash loans,450000.0,House / apartment,44,9,Man
-1.264692,0.39937714,-0.77131283,-0.5506972,-0.22989133,-0.81804585,-0.7071802,0.7813614,0.5060091,-1.9268632,-0.9756529,-1.5755465,-0.9760997,-0.06759281,-0.002546285,0.42850688,-0.76226854,0.36070132,-0.45094618,-0.3488938,-0.010803135,-1.3347552,-0.016790975,-0.3346639,0.31561843,-1.3909392,-0.19903179,0.28250343,0.15548098,-0.70523775,0.0829158,-1.3890339,0,455336,Married,1,Higher education,Working,67500.0,Cash loans,90000.0,House / apartment,34,9,Man
0.8429474,-0.01121463,-0.69661045,0.9655537,-0.15012705,-1.7057875,0.012102936,-1.9939874,0.11206273,0.07844419,1.6295018,1.0888627,0.28562775,-0.061656628,-0.0025658885,-1.1079595,1.463017,-0.42472342,0.053351644,-0.18896604,-0.010803135,0.18145983,-0.016790975,-0.15472005,-1.02955,0.03348646,-0.22858995,0.24840927,0.13348733,-0.6799788,0.068204,-0.91174567,0,408164,Separated,1,Secondary / secondary special,Working,112500.0,Cash loans,810000.0,House / apartment,35,0,Man
0.52081776,-0.16152626,0.07264134,0.47215188,0.8700608,-0.8763453,0.012102936,-2.0269804,-2.5710626,0.10263366,1.2010267,1.1799521,0.60105866,0.027767235,-0.0025546052,-2.5730193,-0.76226324,0.15766932,-0.3494266,-0.2289766,-0.010803135,-0.48039424,-0.016790975,-0.16990592,0.57010967,0.55694914,-0.22818507,0.2715902,0.15872926,0.70569485,0.0061469763,2.0483015,0,341209,Married,0,Secondary / secondary special,Working,112500.0,Cash loans,675000.0,House / apartment,44,3,Man
-0.2920084,1.0789973,-1.0627898,0.6523793,-0.005926875,0.550004,0.012102936,0.66103673,-2.0046732,-0.74036956,0.5176664,-1.059003,-0.50298375,-0.041520122,-0.0025542816,-0.6858498,-0.76226395,0.34036085,0.21317007,-0.3562533,-0.010803135,1.0126762,-0.016790975,-0.34981075,1.297228,0.96274483,-0.18755943,-1.8316922,0.17863034,0.57941544,0.22802761,0.16107795,0,333882,Married,2,Secondary / secondary special,Working,90000.0,Cash loans,454500.0,House / apartment,31,2,Man
-0.482064,0.75632215,-0.26924846,0.28256202,-0.7033675,-1.7885994,-2.3736298,-1.067932,-0.81079197,-1.1939222,-0.13293941,0.7967853,-0.9760997,-0.05619241,-0.0025477852,-2.085694,0.19823045,0.15766932,1.7474002,-0.1533408,-0.010803135,1.0778385,-0.016790977,0.20723592,0.13383892,-0.6386989,-0.21792743,-0.8778965,0.095503934,-0.28622255,0.12348469,-0.4760231,0,362535,Married,1,Secondary / secondary special,Pensioner,112500.0,Cash loans,405000.0,Municipal apartment,40,-24,Man
0.9226413,-0.66263765,-1.0820383,0.67063606,1.3089062,1.7411679,-0.22075601,0.26751506,0.11206273,0.28768316,0.53292817,0.83153206,0.60105866,-0.0540521,-0.002549929,0.122927584,-0.7622582,-0.036431734,0.053351644,-0.18896604,-0.010803135,0.18145983,-0.016790975,-0.15472005,1.2245159,0.5044993,-0.22872494,-3.5724113,0.2430726,0.14904812,0.17653632,-0.06466651,0,153588,Married,0,Secondary / secondary special,Commercial associate,180000.0,Cash loans,810000.0,House / apartment,31,2,Man
0.07227134,-0.044978768,-1.3923055,0.61399317,1.3991733,1.2535725,-0.86903477,-2.4039702,-2.8025393,1.1645516,0.25843906,1.1456803,1.5473695,0.23876831,-0.0025493128,-3.2983754,0.7273699,-0.384118,0.90507776,0.08460992,-0.010803135,0.0837164,-0.016790975,-0.2734948,0.0126526905,0.2688204,-0.19318314,0.08013292,0.10061441,-0.09856695,0.09227785,-0.1950966,0,329490,Civil marriage,0,Incomplete higher,Working,135000.0,Cash loans,477000.0,House / apartment,27,2,Man
-0.873378,0.71482205,-0.3588454,-0.7084547,1.2223293,0.111433044,0.012102936,0.9830289,0.4564688,1.1572948,-1.1987242,1.6174978,-0.9760997,-0.040150903,-0.0025461828,0.8296953,-0.17529741,-0.42083928,0.4229473,1.1776525,-0.010803135,0.6928248,-0.016790975,0.047010705,0.0126526905,0.2688204,-0.19318314,0.08013292,0.10061441,-0.09856695,0.09227785,-0.1950966,0,429418,Married,1,Incomplete higher,Commercial associate,337500.0,Cash loans,247500.0,House / apartment,39,10,Man
-0.8554893,3.7335641,-0.92873776,0.36776042,0.35599285,1.7656802,0.012102936,1.1458629,0.11206273,0.573119,-0.8701367,-0.3175145,0.07533922,-0.056586944,-0.0025478161,0.7399665,-0.15822183,0.8481672,-2.0040662,-0.3102445,-0.010803135,-2.040415,-0.016790977,-0.37806123,0.0126526905,0.2688204,-0.19318314,0.08013292,0.10061441,-0.09856695,0.09227785,-0.1950966,0,168987,Civil marriage,1,Higher education,Commercial associate,157500.0,Cash loans,225000.0,House / apartment,32,4,Man
0.7632535,-0.66263765,-0.8538063,0.10561145,0.8655191,-1.0254064,-0.8362017,0.17158099,-1.6194204,0.4606379,0.40042385,0.24425071,-0.029804103,-0.027690059,-0.0025470767,-1.1309948,1.3869454,-0.036431734,-0.18569137,0.54561913,-0.010803135,0.61375594,-0.016790975,-0.35033962,0.13383892,0.65989333,-0.22175154,-1.7035282,0.018089427,-0.00024281885,0.054829646,0.5373187,0,439156,Married,2,Higher education,Working,180000.0,Cash loans,810000.0,House / apartment,33,5,Man
-0.817476,-0.19225387,-0.071264155,0.7029366,0.37330824,-0.55901074,-0.8782903,-0.26152286,0.20423096,1.00732,-0.7517822,-0.20607547,-0.9760997,-0.05907385,-0.0025521123,-0.4214203,-0.121936284,-0.23646158,-1.2726258,0.09208169,-0.010803135,-1.4974623,-0.016790977,0.59157443,0.0126526905,0.2688204,-0.19318314,0.08013292,0.10061441,-0.09856695,0.09227785,-0.1950966,0,405437,Single / not married,0,Higher education,Commercial associate,139500.0,Revolving loans,270000.0,House / apartment,43,2,Man
0.10200002,-0.044978768,-0.89138657,0.049436677,1.1300753,-0.9690944,-0.93208426,0.17890269,-0.2280305,-0.1199095,-0.2961945,-0.03259251,2.3885055,-0.04866825,-0.0025463596,-0.41823453,-0.7622545,-1.0243154,-0.5568894,-0.2342778,-0.010803135,-0.21785781,-0.016790975,-0.02326524,-0.44785565,-0.16389029,-0.2145532,2.361276,0.13646545,-0.7088872,-0.053770162,-0.38371864,0,392810,Married,2,Secondary / secondary special,State servant,202500.0,Cash loans,450000.0,House / apartment,33,5,Man
1.1905236,-1.0012186,-0.75321007,0.8255848,0.3784177,-1.0273939,-1.1155745,1.2678573,-0.104306355,-2.5303905,0.013296199,1.6093469,0.60105866,-0.041601017,-0.0025531764,0.21044485,1.7947949,-0.2755931,-0.19935195,-0.2343737,-0.010803135,-0.3358651,-0.016790977,0.025750848,0.67917746,-0.21038774,-0.22551942,-0.7285898,0.16603673,-0.13732743,0.012700411,0.070780165,0,322903,Married,2,Secondary / secondary special,State servant,270000.0,Cash loans,900000.0,House / apartment,34,1,Man
-0.14665204,0.39937714,1.4807588,0.28256202,-1.573962,-0.80678344,0.012102936,-0.59073555,0.11206273,-2.23286,0.31320313,-0.118842535,-0.9760997,-0.061656628,-0.0025475207,-0.28209007,0.5183971,0.15766932,-2.1676733,-0.3435908,-0.010803135,-3.7902608,-0.016790975,-0.15472005,-0.83565193,-0.6542268,-0.21275362,-0.94135576,0.041507673,0.17435913,0.0641917,0.47712016,0,382948,Widow,0,Secondary / secondary special,Pensioner,112500.0,Cash loans,540000.0,House / apartment,61,-24,Man
-0.9292799,-0.01121463,-0.17965145,-0.7669701,-0.30142367,-2.0191472,1.6355541,0.5319823,0.8501618,-2.924679,-0.85172445,-1.4774885,-0.9760997,-0.06207477,-0.0025461493,1.4742098,-0.7622688,-0.384118,-0.36471683,-0.009368178,-0.010803135,-0.58379966,-0.016790975,-0.15472005,-0.8114147,0.6666796,-0.22454089,0.57223576,0.1553989,-0.1301778,0.101639904,-0.44592386,0,192142,Married,0,Secondary / secondary special,Working,135000.0,Cash loans,225000.0,House / apartment,41,10,Man
-0.9420256,-1.0535637,-1.0992243,0.2540065,0.7113839,0.32873103,1.97479,-2.2651365,-1.885147,1.1645516,-0.56309503,-0.667407,2.178218,-0.045198366,-0.0025617122,-1.4999393,-0.24082485,0.026662605,0.8395709,-0.30261964,-0.010803135,0.6940168,-0.016790977,-0.1861549,-0.7144653,0.38499203,-0.20420559,-0.15336818,0.02556888,-0.16213763,0.101639904,-0.15496428,0,339007,Married,1,Higher education,Commercial associate,90000.0,Cash loans,157500.0,Rented apartment,30,4,Man
-0.16725752,1.0789973,-1.468612,0.36261106,0.3769984,0.46652976,-0.4231347,0.052123826,0.21443743,-0.31463477,0.28579512,0.771922,0.28564295,-0.062066484,-0.0025460264,-0.035674572,-0.76226336,0.15766932,0.80474037,-0.3161513,-0.010803135,0.41151446,-0.016790975,-0.3409504,-0.13883035,-0.06848002,-0.20122503,-0.5924047,0.24114776,-0.37829947,-0.038790878,-0.27536133,0,234093,Single / not married,1,Secondary / secondary special,Commercial associate,112500.0,Cash loans,459000.0,House / apartment,26,4,Man
-0.35907963,-1.0599985,1.419347,0.28256202,-1.1972815,-1.0830433,2.313,-0.066409305,0.59422857,0.8029189,2.2100375,1.1999062,-0.9760997,-0.069862984,-0.0025475207,1.2753447,0.3156249,3.1941118,0.022332856,-0.14172196,-0.010803135,0.67256093,-0.016790975,-0.27034086,-0.2297201,0.91581607,0.41642627,-0.16915244,0.011898351,0.14342374,0.24207069,-0.09476577,0,428408,Married,0,Secondary / secondary special,Pensioner,45900.0,Cash loans,454500.0,House / apartment,60,-24,Man
-0.37026003,-0.66263765,1.5923542,0.28256202,-1.2441182,-0.92338234,0.012102936,1.2403933,0.78519636,-0.8044717,-0.23208219,-0.1346032,-0.9760997,-0.06186168,-0.0025475207,1.1582792,0.3049526,0.026662605,0.8913373,-0.16557115,-0.010803133,0.013388816,-0.016790975,-0.16021657,0.8609569,-1.3771367,-0.18890911,0.29220894,0.09738693,0.03329208,0.20462249,-0.69675094,0,199848,Married,0,Secondary / secondary special,Pensioner,135000.0,Cash loans,450000.0,House / apartment,62,-24,Man
-0.818594,0.84539586,-1.1083905,0.6327181,0.9793464,-0.41657454,0.012102936,1.0629284,0.7287055,1.1645516,-1.025968,-1.1443887,0.60105866,-0.053229887,-0.0025528867,1.0233974,-0.76226646,0.15766932,1.1134216,-0.0046274057,-0.010803135,0.7250086,-0.016790977,0.5949967,0.8609569,-3.56657,1.4995514,-0.31663468,-0.06648067,-0.29710284,0.054829646,-0.69675094,0,389132,Married,2,Secondary / secondary special,Commercial associate,225000.0,Cash loans,225000.0,House / apartment,30,2,Man
-0.20255403,0.56357044,-1.6326822,0.7544301,-0.87708896,0.9441878,-1.7102028,0.2760406,0.11206273,0.9903874,-0.66466266,-0.4169497,-0.9760997,-0.04746151,-0.0025512683,-0.5123075,0.46503603,-0.1511142,0.053351644,-0.18896604,-0.010803135,0.18145983,-0.016790975,-0.15472005,0.061127182,1.0534967,-0.2231912,0.2962427,0.0555449,-0.07899902,0.20462249,-0.78704876,0,289597,Married,0,Higher education,Working,238500.0,Cash loans,517500.0,House / apartment,24,1,Man
0.07695593,0.56357044,0.04537239,0.6303775,-0.46066836,0.8799259,0.012102936,-0.0946787,0.9321109,0.22358105,-0.2609028,-0.36337408,-0.9760997,-0.057134505,-0.0025494741,0.4516924,0.73184156,0.41843992,0.69673395,-0.39794794,-0.010803135,-0.22858575,-0.016790977,-0.3154586,0.061127182,0.9530831,0.37121168,-1.0340067,-0.004426703,-0.21520731,0.14845017,-0.7268502,0,390108,Married,0,Secondary / secondary special,Working,193500.0,Cash loans,630000.0,House / apartment,44,2,Man
-0.25791937,-0.20526777,0.15467633,-1.4228106,-0.2835406,1.8226547,0.012102936,-1.8626851,0.11206273,-0.7621401,0.16520269,-1.1401703,0.28562775,-0.061656628,-0.0025458825,-1.030683,0.4121872,-1.3714309,0.7369967,0.2815163,-0.010803135,0.18145983,-0.016790975,-0.15472005,0.13383892,-1.3167504,-0.19430788,0.86100835,0.21716045,-0.4039953,0.054829646,-0.99774355,0,451381,Married,0,Secondary / secondary special,Working,112500.0,Cash loans,427500.0,House / apartment,45,14,Man
-0.6724662,0.12702295,1.6810346,0.28256202,-2.2293913,1.6292064,2.863595,0.38351032,1.1412007,0.5344158,-0.11490781,-0.686534,-0.13489996,-0.06674118,-0.0025475207,2.071522,0.016482465,0.34036085,-0.7191729,-0.30042487,-0.010803135,0.18145983,-0.016790975,-0.15472005,-0.08429664,0.48966157,0.15512653,0.17301892,-0.009036908,-0.26535904,0.096958876,-0.8321976,0,221553,Separated,0,Secondary / secondary special,Pensioner,90000.0,Cash loans,297000.0,House / apartment,64,-24,Man
-0.8018793,0.12702295,1.39437,0.28256202,-1.8050228,0.21809454,0.012102936,0.15226527,0.11206273,0.17762104,0.15904501,-0.4261937,0.28559735,-0.06723328,-0.0025475207,0.15519464,-0.10704852,0.1977866,0.053351644,-0.18896604,-0.010803135,0.18145983,-0.016790975,-0.15472005,1.0427364,1.1435586,0.5898613,0.092133015,-0.0028639091,-0.019460067,0.03610554,-0.15496428,0,387315,Civil marriage,0,Secondary / secondary special,Pensioner,63000.0,Cash loans,238500.0,House / apartment,60,-24,Man
0.8528756,-0.08524986,1.1840117,0.5367528,-1.6508876,-1.0790684,0.012102936,0.7255977,-1.8535068,-1.6777116,2.0673542,1.1827966,2.178218,-0.043208692,-0.00254869,-0.5664062,1.4724939,-0.20006101,-0.68298435,-0.3135145,-0.010803135,0.15166,-0.016790975,-0.3556307,1.2245159,-2.622819,-0.120074995,-0.19692945,-0.06803659,0.27299032,0.2607948,-0.33555987,0,101033,Widow,0,Secondary / secondary special,Commercial associate,99000.0,Cash loans,675000.0,House / apartment,58,3,Man
-1.152888,-0.044978768,0.48144212,-0.13266322,0.54078484,0.8567386,0.012102936,-0.98774403,1.0033815,-0.8939727,-0.5419033,-0.20607547,-0.9760997,-0.06961835,-0.002546688,-0.03551192,-0.762269,-0.21124414,0.98662585,-0.25344163,-0.010803135,0.68448085,-0.016790975,-0.25663137,-1.8293798,0.24121524,-0.15030803,0.95928186,0.30371106,-0.20917028,0.022062464,-0.03456725,0,107580,Married,0,Secondary / secondary special,Working,54000.0,Revolving loans,135000.0,House / apartment,49,6,Man
-0.89238465,-0.08524986,-0.6070134,0.19268236,1.1045281,-0.99228173,-1.6919411,-1.7918297,1.3197399,1.1645516,-0.90519077,-1.4769349,-0.45038024,-0.061604146,-0.0025472722,-1.070796,-0.19344018,0.07166868,0.029522633,-0.40262267,-0.010803135,0.18145983,-0.016790975,-0.15472005,-0.83565193,-1.5634714,-0.16236524,0.14552887,0.1919227,0.6630785,0.21710522,0.687815,0,116941,Married,1,Secondary / secondary special,Working,157500.0,Cash loans,225000.0,House / apartment,36,5,Man
1.6110855,-0.9939886,-1.3343308,0.53628474,0.2555069,0.30090627,-1.0242847,0.81842643,-1.6341048,0.1377084,1.9641284,0.4519985,-0.28213707,-0.0389603,-0.002547899,-0.8390618,2.1962414,0.026662605,0.80274796,-0.19050854,-0.010803135,0.67494494,-0.016790975,-0.30060345,0.0126526905,0.5822539,-0.18058603,-0.2811073,-0.07260025,0.04300958,0.23270865,-0.69675094,0,421304,Married,0,Secondary / secondary special,Commercial associate,135000.0,Cash loans,1147500.0,House / apartment,27,3,Man
-0.70567197,0.56357044,-0.79491514,0.4506182,0.86580294,-0.8637579,-0.83169955,-0.12769662,0.11206273,1.1645516,-0.60386753,-1.119469,-0.9760997,-0.059121784,-0.0025478452,-0.37229,-0.7622622,0.026662605,0.5304789,0.011737945,-0.010803135,0.00027689416,-0.016790975,0.27746773,0.13383892,0.42237404,0.78421646,-0.20141837,-0.005249293,-0.13051714,-0.0013426675,0.50721943,0,332750,Married,0,Secondary / secondary special,State servant,135000.0,Cash loans,315000.0,Office apartment,34,3,Man
-1.1749245,1.0789973,0.4525696,0.9341894,-0.9185323,0.95478773,-2.248329,0.9459283,-0.032079294,0.2634937,-1.0545359,-0.31194225,2.8091652,-0.061030827,-0.0025485451,-0.42703322,-0.4631379,0.15766932,-0.009973163,-0.34540433,-0.010803135,0.18145983,-0.016790975,-0.15472005,-0.73870265,0.6673697,-0.21954705,-1.7223017,0.007344862,0.305382,0.16717428,-0.15496428,0,128013,Single / not married,0,Secondary / secondary special,Working,112500.0,Cash loans,85500.0,House / apartment,49,0,Man
0.18875991,-0.8454121,0.9257611,0.7825175,0.27906716,-0.4125996,0.012102936,-1.1977049,-0.3614684,-0.7560927,2.0141213,1.1995901,-0.9760997,-0.06473625,-0.0025519019,-0.89444953,0.83856386,0.48857382,1.354359,-0.17807329,-0.010803135,0.7703043,-0.016790975,-0.1235189,0.49739793,-3.5544927,-0.22872494,-3.5724113,-11.484743,-0.54175514,-1.4056505,-0.24526209,0,408735,Single / not married,0,Secondary / secondary special,Working,72000.0,Cash loans,675000.0,House / apartment,55,1,Man
-0.9292799,0.31059277,0.32424623,0.753962,-0.4583975,1.3257843,0.012102936,-1.3215564,0.11206273,1.0423948,-0.37788036,-0.20607547,-0.9760997,-0.06571238,-0.0025512588,-0.7122073,-0.22865853,0.022618096,0.053351644,-0.18896604,-0.010803135,0.18145983,-0.016790975,-0.15472005,-1.9748034,1.0200256,-0.22454089,-1.1527425,-0.050837517,0.34813896,0.28888094,-0.24526209,0,131770,Widow,0,Secondary / secondary special,Commercial associate,76500.0,Revolving loans,225000.0,House / apartment,47,1,Man
-0.817476,-0.81837183,-0.40902916,0.4543632,-0.29461107,-0.2867258,0.98819643,0.4487711,0.11206273,0.7484926,-0.8340204,-0.20607547,-0.9760997,-0.056586944,-0.002549903,0.74928296,-0.121936284,0.07166868,0.053351644,-0.18896604,-0.010803135,0.18145983,-0.016790975,-0.15472005,1.4668884,0.9623998,1.4590608,-0.29895017,-0.07768774,-0.28155485,0.14845017,-0.69675094,0,243409,Married,2,Higher education,Working,157500.0,Revolving loans,270000.0,House / apartment,39,3,Man
2.2012317,-0.19225387,0.92553204,0.28256202,0.76900715,-0.27016342,0.012102936,-0.01171607,0.40658674,-0.26867476,0.41615897,1.8853508,-0.9760997,-0.044268183,-0.0025475207,0.21737221,-0.76225203,0.23258825,0.6645238,-0.2294859,-0.010803133,0.008024848,-0.016790975,-0.31228724,-1.2476854,0.250877,-0.16110553,2.4362683,0.2563922,0.17702344,0.101639904,0.20622683,0,133464,Married,0,Secondary / secondary special,Pensioner,292500.0,Cash loans,1485000.0,House / apartment,55,-24,Man
-0.8003252,-0.6659635,0.75756633,-0.8315711,1.2206261,0.2121321,0.012102936,0.62491256,-0.15589127,-0.67626745,-1.0900761,-1.2811667,-0.029804103,-0.04099705,-0.002545574,0.2889958,-0.10556508,0.026662605,-0.2741523,0.5828871,-0.010803135,0.36204675,-0.016790975,3.8683512,1.3699394,0.18358946,-0.22872494,-0.4732139,0.116236515,-0.42954868,0.03610554,-0.4358907,0,350911,Married,0,Secondary / secondary special,Commercial associate,270000.0,Cash loans,247500.0,House / apartment,52,11,Man
-0.8084422,-0.7159228,0.7089869,0.6383356,-1.0357659,0.2664566,0.012102936,0.7459998,0.3362324,-0.28318846,-0.9689773,-0.86298823,-0.13494839,-0.053072844,-0.002549557,0.6254119,-0.7622632,-0.384118,-0.70377827,-0.28764132,-0.010803135,-0.14419259,-0.016790975,0.12115058,0.7882452,0.90615433,-0.22872494,0.25253013,0.2131911,-0.4895787,0.022062464,-0.23021244,0,310701,Married,0,Secondary / secondary special,Working,202500.0,Cash loans,247500.0,House / apartment,52,2,Man
-0.817476,-0.92899084,-1.411554,0.81809485,-0.3658596,0.29229385,-1.1540897,-0.17319949,0.60394967,-1.5071758,-0.5790818,-0.20607547,-0.9760997,-0.06341015,-0.0025529214,-0.27262864,-0.7622688,0.15766932,-0.562915,-0.39477894,-0.010803135,0.18145983,-0.016790975,-0.15472005,1.4426515,0.47102815,-0.026136648,-0.45724875,0.1856194,0.20683666,0.18589838,-0.34559292,0,343835,Civil marriage,0,Secondary / secondary special,Working,112500.0,Revolving loans,270000.0,House / apartment,27,1,Man
-1.2056594,-0.01121463,1.5100899,0.28256202,0.78121305,-0.8982076,0.012102936,0.87584245,-0.01145249,0.12561366,-1.2527915,0.5279826,1.1267791,-0.051615316,-0.0025456701,0.5145002,-0.49247587,-1.202104,-0.0032308742,-0.15682426,-0.013278073,-0.13465665,-0.023570478,-0.13815121,-1.3203971,0.7957337,-0.22872494,1.9449162,0.14762641,0.17819075,0.14845017,0.085829794,0,203376,Married,0,Secondary / secondary special,Pensioner,193500.0,Cash loans,90000.0,House / apartment,61,-24,Man
1.5503088,-1.0535637,-0.8217256,0.2802214,-0.43171477,-1.234092,-0.84160364,0.7646482,-0.70346946,-0.5903948,1.2595476,0.24674894,-0.2821494,-0.048767645,-0.0025475135,-0.29076773,2.1382272,-1.202104,-1.3819743,-0.24752867,-0.010803135,-3.444583,-0.016790975,-0.037315056,1.951634,-0.054677445,0.4400458,-0.3162695,-0.09709262,1.0244769,0.38250145,0.4470209,0,224881,Single / not married,0,Higher education,Working,166500.0,Cash loans,1125000.0,With parents,34,4,Man
2.3528378,-0.044978768,1.2813997,0.28256202,-1.2969159,-1.3752031,0.012102936,0.27618146,0.5060091,-0.69561905,0.6574763,1.8715692,0.18048348,-0.047378704,-0.0025475207,0.4403789,-0.7622513,-0.21603623,-1.6355233,-0.056952458,-0.010803135,-1.2036359,-0.016790975,0.50619483,-0.73870265,-0.7187539,0.38484356,0.12321234,0.1476272,-0.24626777,0.022998668,-0.3957584,0,391315,Married,0,Secondary / secondary special,Pensioner,270000.0,Cash loans,1350000.0,House / apartment,59,-24,Man
1.8658197,0.12702295,0.21402596,0.8241805,1.2751269,1.6517313,0.012102936,0.47362915,-0.47347715,1.1645516,1.3170236,1.6087828,-0.9760997,-0.049260076,-0.0025486907,0.02884741,-0.7622617,-0.036431734,1.4789819,-0.3435908,-0.010803135,0.7440805,-0.016790977,-0.20509014,1.2245159,1.1625371,-0.18081099,-0.05017778,-0.043588113,-0.09856695,0.09227785,-0.1950966,0,105119,Married,0,Secondary / secondary special,Working,180000.0,Cash loans,1350000.0,House / apartment,46,1,Man
-0.35907963,-0.81056345,-0.93080014,0.35137612,0.5194954,-0.37218747,-2.1162531,1.1127638,-0.93487,-0.6702201,-0.93493354,-0.27311003,-0.9760997,-0.020418167,-0.0025463023,-0.75848454,-0.7622589,0.58167535,0.26534733,1.1520983,-0.010803135,-0.07124268,-0.016790975,0.25385195,1.951634,-0.65508944,0.06314526,0.38173577,0.1866895,0.41582218,0.21086384,0.28649154,0,244712,Married,0,Secondary / secondary special,Working,315000.0,Cash loans,454500.0,House / apartment,32,4,Man
0.32158303,0.31059277,1.9585336,0.28256202,-2.023594,-1.059856,0.012102936,0.93273634,0.11206273,-0.7065043,-0.13393077,-0.2550186,-0.34523597,-0.05151726,-0.0025475207,0.6145329,-0.7622524,-0.384118,0.053351644,-0.18896604,-0.010803135,0.18145983,-0.016790975,-0.15472005,0.49739793,-0.5420809,0.079004094,0.060801346,0.0018796589,3.0879178,0.18589838,6.2561784,0,454732,Married,0,Secondary / secondary special,Pensioner,202500.0,Cash loans,675000.0,House / apartment,67,-24,Man
0.6885349,0.12702295,0.64207524,0.27273142,0.8524616,0.48176712,0.012102936,0.5425136,0.6906512,0.93838,0.5968329,0.3757716,0.12793034,-0.05940584,-0.0025474906,0.69660926,1.3156229,0.07166868,-0.48814133,0.41958344,-0.010803135,-2.4957564,-0.016790977,-0.37806123,0.0126526905,0.2688204,-0.19318314,0.08013292,0.10061441,-0.09856695,0.09227785,-0.1950966,0,108058,Married,0,Secondary / secondary special,Working,157500.0,Cash loans,769500.0,House / apartment,51,4,Man
-0.07659567,-1.0581187,-0.8352454,-1.036609,1.0613816,-0.45698667,0.012102936,1.3364308,-1.5442986,-1.0294337,-1.0019282,-1.1492717,0.28565624,0.03604578,-0.0025460194,-0.0403077,-0.7622674,0.23851705,-0.21514279,0.7792655,-0.010803135,-0.5388445,-0.016790975,0.51397634,0.13383892,-0.02586455,0.04134779,1.2263048,0.14762406,-0.09298809,0.076228626,0.12882869,0,323111,Married,0,Secondary / secondary special,State servant,450000.0,Cash loans,490500.0,Office apartment,33,12,Man
1.234798,-0.9806131,1.1720958,0.014795561,0.30887234,-0.8392456,0.556031,-1.9715538,0.3362324,-0.49484634,1.5470349,-0.41146618,0.75877506,-0.060158845,-0.0025469076,-0.74016374,1.837057,-0.384118,-0.51242673,-0.23456305,-0.010803135,-0.7459107,-0.016790977,0.34186918,-0.37514356,-1.6083298,-0.20159619,0.46322376,0.068794854,-0.30580893,0.031424515,-0.06466651,0,124621,Married,0,Secondary / secondary special,Working,135000.0,Cash loans,900000.0,House / apartment,57,6,Man
0.18875991,0.39937714,-1.293084,0.90657014,1.0236284,0.3883555,-1.4505403,0.61623526,0.30591318,0.3771842,-0.07717158,1.1995901,-0.9760997,-0.055258956,-0.0025575894,-0.09602656,0.83856386,-0.036431734,0.5874493,-0.33070818,-0.010803135,0.18145983,-0.016790975,-0.15472005,1.951634,0.3085028,-0.12682344,-0.41252452,-0.0915818,-0.0444479,0.054829646,-0.63655245,0,181796,Married,0,Secondary / secondary special,Working,180000.0,Cash loans,675000.0,House / apartment,28,0,Man
-0.35907963,3.7335641,1.1088508,0.28256202,-2.4039645,-0.9419322,0.012102936,1.2012148,0.11206273,0.40258315,-0.63691515,1.566626,-0.9760997,-0.05151726,-0.0025475207,0.77254343,-0.7622688,-0.015117288,-1.0127554,-0.33227855,-0.010803135,-1.5644126,-0.016790977,-0.315895,0.7397707,0.86463153,-0.20600519,-0.23034592,-0.07933783,0.044953052,0.16717428,0.687815,0,173640,Widow,0,Secondary / secondary special,Pensioner,202500.0,Cash loans,454500.0,House / apartment,57,-24,Man
0.8528756,0.2705385,0.99610996,-5.283422,-1.7783401,-0.6000854,0.012102936,0.28382823,0.48623574,-0.789958,0.08567049,1.6093942,2.178218,-0.051741533,-0.002545431,0.43422565,-0.762264,0.19921337,-1.722462,-0.2599677,-0.010803135,-3.247904,-0.016790977,-0.18215671,-0.08429664,0.24604613,-0.22872494,-0.160634,0.33919197,-0.71430737,0.038780414,-0.9633444,0,364498,Married,0,Lower secondary,Working,225000.0,Cash loans,675000.0,Municipal apartment,55,37,Man
0.14356874,0.31059277,1.479155,0.8822277,-1.133981,-0.9174199,0.012102936,-1.8458215,-0.042394914,1.0121579,-0.26547673,0.77687603,0.28560212,-0.050305918,-0.0025558257,-1.1039784,-0.7622675,-0.384118,-0.23314391,0.13201818,-0.010803135,-0.78643847,-0.016790975,0.20189284,-0.37514356,0.45826072,-0.21522805,0.024490014,0.15547644,-0.33597282,0.11100195,-0.93754506,0,376148,Married,0,Secondary / secondary special,Commercial associate,202500.0,Cash loans,567000.0,House / apartment,61,1,Man
0.74777985,0.56357044,0.3870331,-1.6821508,1.2223293,1.136311,0.012102936,0.596532,0.11206273,0.5622337,2.2464871,0.83041096,-0.9760997,-0.06419147,-0.0025458122,0.41666353,1.3721749,0.34036085,0.9724379,-0.13772647,-0.010803135,0.6836862,-0.016790975,-0.15313934,-0.30243182,-0.41337192,-0.12587866,-0.0007954065,0.1476285,-0.5497054,-0.26035947,-0.21516281,0,292166,Married,0,Secondary / secondary special,Working,90000.0,Cash loans,900000.0,House / apartment,48,16,Man
-0.97024494,-0.044978768,1.635205,0.28256202,-2.0020206,-0.8591204,0.012102936,-2.4927595,0.49612975,1.1645516,-0.39467633,-1.123587,0.28562775,-0.06712301,-0.0025475207,-1.1945748,-0.26776156,-0.023892576,-1.9836152,-0.33910578,-0.010803135,0.18145983,-0.016790975,-0.15472005,-1.02955,0.23155348,-0.22400102,-0.713668,0.16767557,-0.2714508,-0.042535692,-0.15496428,0,227163,Separated,0,Secondary / secondary special,Pensioner,72000.0,Cash loans,180000.0,House / apartment,63,-24,Man
-1.152888,3.7335641,-0.7321283,0.9496375,1.1138954,0.73682725,-0.7352364,0.22785997,0.11206273,1.0919832,-1.0252243,-0.20607547,-0.9760997,-0.061656628,-0.0025627252,-0.1215653,-0.44210294,1.0025849,0.053351644,-0.18896604,-0.010803135,0.18145983,-0.016790975,-0.15472005,0.0126526905,0.2688204,-0.19318314,0.08013292,0.10061441,-0.09856695,0.09227785,-0.1950966,0,174018,Single / not married,0,Higher education,Commercial associate,112500.0,Revolving loans,135000.0,House / apartment,35,0,Man
-1.2873881,0.56357044,-0.94592416,0.94308376,-0.059292294,-0.62327266,0.012102936,0.80305827,0.16333178,-0.18643056,-1.1373175,-1.1673086,0.60105866,-0.06435837,-0.0025616863,0.56583565,-0.5704898,0.34036085,0.3281913,-0.047423802,-0.010803135,-0.21666582,-0.016790975,0.30804497,-0.52056736,0.43514147,-0.22049183,0.21428049,-0.053652786,-0.4218987,0.07087888,-0.07756614,0,418635,Married,2,Higher education,Working,90000.0,Cash loans,67500.0,House / apartment,32,0,Man
-0.08955375,0.31059277,1.4796131,0.28256202,-1.1280199,-1.1559176,0.012102936,0.6890591,0.11206273,-0.8601075,0.079065,0.1245123,0.28561255,-0.059121784,-0.0025475207,0.4711198,-0.762263,0.026662605,0.053351644,-0.18896604,-0.010803135,0.18145983,-0.016790975,-0.15472005,0.13383892,0.111816116,-0.010885183,-0.22418857,-0.06510978,1.4453205,0.24207069,0.9436587,0,295561,Married,0,Secondary / secondary special,Pensioner,135000.0,Cash loans,486000.0,House / apartment,61,-24,Man
0.74777985,0.39937714,-0.26306126,-2.594991,1.355459,-1.0068566,0.6662052,0.98726654,0.9049978,1.1621326,1.7615496,0.6864521,-0.9760997,-0.06506813,-0.0025456443,1.3550237,-0.762259,-0.22683495,-2.3594007,-0.18057372,-0.010803135,0.18145983,-0.016790975,-0.15472005,0.0126526905,0.2688204,-0.19318314,0.08013292,0.10061441,-0.09856695,0.09227785,-0.1950966,0,297877,Married,0,Higher education,State servant,103500.0,Cash loans,900000.0,House / apartment,40,21,Man
-0.8957388,-0.19225387,1.3008773,0.28256202,-1.2824391,-0.8829702,0.012102936,-0.18824105,1.8146869,0.50417894,-0.61464393,-1.5213953,-0.9760997,-0.066836104,-0.0025475207,0.8721511,-0.76226884,-1.7900906,-1.5177175,-0.34995058,-0.010803135,0.18145983,-0.016790975,-0.15472005,-0.9568382,0.577653,-0.075085364,-0.048414156,-6.186123e-05,-0.01794564,0.120364,-0.5161554,0,347628,Married,0,Secondary / secondary special,Pensioner,103500.0,Cash loans,238500.0,House / apartment,59,-24,Man
0.38799462,1.0789973,0.027728144,0.10888831,-1.2909548,-1.0572062,1.0367757,1.0975436,1.7376143,-0.56862426,-0.084855124,0.44673902,-0.029804103,-0.059426185,-0.0025470834,2.0278256,-0.7622607,-0.384118,-2.504155,-0.27556282,-0.010803135,0.18145983,-0.016790975,-0.15472005,1.588075,-0.72151434,-0.21522805,-1.8846691,-0.06803577,0.27293405,0.045467593,-0.06466651,0,275311,Civil marriage,0,Higher education,Commercial associate,202500.0,Cash loans,675000.0,House / apartment,44,5,Man
-0.119371876,-1.1246346,-1.2600867,0.4281483,0.5910278,-0.08334016,1.0706779,0.72001225,0.11206273,0.226,-0.6437049,-1.005727,0.8113472,-0.04644757,-0.0025480741,0.9443751,0.5444373,0.21723561,0.6928994,0.1184449,-0.010803133,-0.23335372,-0.016790975,0.20270349,1.2245159,0.09283757,-0.22872494,1.817123,0.100075856,-0.49734217,-0.1885837,0.32662386,0,330452,Married,0,Secondary / secondary special,Commercial associate,247500.0,Cash loans,450000.0,House / apartment,28,3,Man
-1.2056594,-0.7159228,-1.4890062,0.44078764,-0.2611158,0.76133955,-0.34431592,0.2793589,-1.6846023,-0.23360002,-1.1356976,-0.08536073,1.1267791,-0.040002327,-0.0025481344,-0.8912409,-0.49247587,-0.24138103,1.1632706,0.1938047,-0.010803135,0.6403771,-0.016790975,0.26978847,0.49739793,-0.56278473,3.8210163,-0.12281321,-0.064373754,-0.15457956,0.09227785,0.687815,0,390029,Single / not married,0,Secondary / secondary special,Working,126000.0,Cash loans,90000.0,With parents,26,3,Man
-0.8018793,-0.9939886,0.62282676,0.28256202,-1.8975607,0.46851724,0.012102936,-0.0610534,0.11206273,0.85129786,-0.12867475,0.10888839,0.28559735,-0.06571238,-0.0025475207,0.029648544,-0.10704852,0.022618096,0.053351644,-0.18896604,-0.010803135,0.18145983,-0.016790975,-0.15472005,-1.4658206,1.1280307,-0.22872494,0.7299429,0.06935469,0.030484824,0.179657,-0.5763539,0,372304,Married,0,Secondary / secondary special,Pensioner,76500.0,Cash loans,238500.0,House / apartment,51,-24,Man
0.74777985,0.56357044,0.8251649,0.17770243,0.17914893,0.26248163,0.012102936,0.6838422,-0.7329341,-0.4827516,0.78187793,1.6087828,-0.9760997,-0.05122841,-0.0025465377,0.012772879,-0.7622673,-0.2676314,-0.35153556,0.16053952,-0.010803135,-0.66366315,-0.016790975,0.12899426,-0.5932791,-0.6628534,-0.20105632,0.6054121,0.1866888,-0.118948765,0.14845017,-0.7268502,0,274719,Married,0,Higher education,Working,148500.0,Cash loans,900000.0,House / apartment,53,5,Man
-0.93537325,-0.4630173,1.6065615,0.28256202,0.15729181,-0.84520805,0.012102936,0.9113861,0.5060091,-1.3221264,-1.2262115,-1.1796861,-0.18752052,-0.04064067,-0.0025475207,0.81422234,-0.7622679,-0.42083928,-0.289384,-0.18276612,-0.010803135,1.2018058,-0.016790975,-0.06279396,-2.9927688,1.2995278,-0.22872494,0.08013292,0.15872848,-1.5801828,-3.3904054,-0.03456725,0,178001,Married,0,Secondary / secondary special,Pensioner,337500.0,Cash loans,202500.0,House / apartment,63,-24,Man
-0.9582931,0.75632215,0.57058096,-0.36297983,-0.036015887,0.6261908,0.012102936,0.78848946,1.6163999,1.1645516,-0.4922286,-0.780967,1.5473989,-0.06821077,-0.002547732,1.34016,-0.7622688,-0.21124414,0.1972841,-0.33519262,-0.010803135,0.18145983,-0.016790975,-0.15472005,0.0126526905,-1.3305529,-0.15719143,0.28273767,0.16603316,0.026243279,0.096958876,-0.03456725,0,113730,Married,0,Secondary / secondary special,Working,81000.0,Cash loans,162000.0,House / apartment,50,8,Man
-0.77058536,-0.7751365,0.02245762,-0.7487133,-1.5047004,-1.18308,0.012102936,-0.6570402,0.11206273,0.055464193,-0.67582035,-1.1535189,0.70626277,-0.059121784,-0.0025461596,-0.3211133,-0.077176996,0.026662605,0.053351644,-0.18896604,-0.010803135,0.18145983,-0.016790975,-0.15472005,0.4246862,1.0410745,-0.22751023,-0.2698965,0.17901616,1.4304522,0.179657,2.3733735,0,169777,Married,0,Secondary / secondary special,Working,135000.0,Cash loans,238500.0,House / apartment,44,10,Man
-1.0410839,-0.8454121,-1.638411,0.42253083,1.2430509,1.1084863,-0.343734,0.97159946,0.4664051,0.41225895,-1.13338,-0.20607547,-0.9760997,-0.05433691,-0.002548048,0.67536235,-0.76226825,0.39793202,0.3314933,-0.38350126,-0.010803135,0.18145983,-0.016790975,-0.15472005,0.13383892,0.85111654,-0.18755943,-0.03408402,0.018089497,0.6098636,0.3169671,-0.15496428,0,296080,Married,1,Secondary / secondary special,Working,198000.0,Revolving loans,180000.0,House / apartment,24,3,Man
-0.8554893,-0.6659635,0.9358437,0.9000164,-0.53418773,1.4344332,0.012102936,0.71400213,-2.269579,0.17278315,-0.7699317,-0.34124205,0.07533922,-0.0059915218,-0.0025570597,-0.7974061,-0.7622636,0.36070132,1.2578561,0.43323615,-0.010803133,0.46912745,-0.016790975,-0.0068067,1.0790925,1.1280307,-0.22872494,1.251282,0.26001748,0.4780758,0.0641917,0.29652458,0,301743,Married,0,Secondary / secondary special,Working,135000.0,Cash loans,225000.0,House / apartment,55,0,Man
-0.37026003,0.75632215,-0.36732408,-0.046996694,0.7735489,0.6997276,0.012102936,-1.0192579,-0.99101835,0.26228422,-0.23208219,-0.1346032,-0.9760997,-0.050563615,-0.0025468084,-1.1286217,-0.7622643,0.026662605,0.1882729,0.050885312,-0.010803135,-0.030118925,-0.016790975,0.14714424,-0.6659908,0.056605812,-0.16839385,-0.7021393,-0.08488711,-0.20620956,0.0641917,-0.531205,0,446942,Married,0,Secondary / secondary special,Working,135000.0,Cash loans,450000.0,House / apartment,39,6,Man
-1.0969859,0.31059277,-1.3077495,0.06488474,-0.9469182,0.7818768,0.012102936,-0.28681126,1.0384384,0.8283179,-1.0376172,-0.20607547,-0.9760997,-0.062653124,-0.0025476157,0.3959035,-0.38874185,0.026662605,-0.23207878,0.46559736,-0.010803135,-0.5706877,-0.016790975,3.5649037,-0.3509063,0.19348131,0.34016886,0.3250455,-0.111490324,0.3556971,0.23270865,-0.21516281,0,183052,Married,1,Secondary / secondary special,Working,135000.0,Revolving loans,157500.0,House / apartment,28,5,Man
-1.152888,1.8329418,-1.100141,0.7174484,-0.05191197,0.05379607,0.2565882,1.1194181,0.6619127,0.60093683,-1.0252243,-1.6852177,-0.9760997,-0.06358533,-0.002550595,1.1257509,-0.44210294,1.0025849,1.161673,-0.3305152,-0.010803135,0.32926697,-0.016790975,-0.22463468,0.4246862,1.1897972,-0.12668847,-1.2630196,0.0015014239,0.3539695,0.11724333,0.34668994,0,324281,Married,2,Secondary / secondary special,State servant,112500.0,Cash loans,135000.0,House / apartment,30,1,Man
-1.1202412,-1.1501566,-1.6388693,0.5035161,0.38068858,0.96406263,-0.8309163,0.9350528,-1.3192229,0.75212103,-1.2052977,-1.1446218,1.5473543,-0.03055941,-0.0025484757,-0.51764613,-0.41094008,0.74237555,1.0165353,0.096153565,-0.010803135,0.42462638,-0.016790975,0.013505598,1.588075,0.84335256,-0.17136316,-0.12157353,-0.04255168,0.06827506,0.24207069,-0.5161554,0,104736,Married,0,Higher education,State servant,207000.0,Cash loans,112500.0,House / apartment,24,3,Man
1.6314785,-0.30771685,0.6473457,0.28256202,1.0503111,0.9898999,0.07041296,0.512463,-0.771997,-1.4152558,0.83403313,1.0928801,-0.050832957,-0.04226286,-0.0025475207,-0.084071845,2.2157073,-0.384118,1.1041547,0.13183035,-0.010803133,0.928442,-0.016790975,-0.25334358,-0.15700836,0.14149168,-0.2280501,2.1055799,0.07471951,-0.34124258,0.079795115,-0.1950966,0,165470,Widow,0,Secondary / secondary special,Pensioner,202500.0,Cash loans,1125000.0,House / apartment,51,-24,Man
-0.40038002,-1.013365,0.98992276,-4.157586,-0.8844693,-0.38146237,0.012102936,-0.7500632,0.99455655,-0.4924274,-0.43773967,0.11992003,0.2856648,-0.06055533,-0.0025454937,0.099618025,0.2762017,-1.5895183,0.6654185,-0.21684986,-0.010803135,0.072988465,-0.016790977,0.2479652,-1.3203971,-0.1305916,-0.18620974,0.4599352,0.17862208,0.10066674,0.19526044,-0.4559569,0,426782,Married,0,Secondary / secondary special,Working,157500.0,Cash loans,378000.0,House / apartment,55,30,Man
-1.1534469,0.2705385,-1.6132047,0.811073,-0.13593411,0.869326,-1.8237491,0.43120632,-1.2251093,0.7158368,-1.025968,-1.1679728,0.60105866,-0.051838975,-0.0025526965,-1.1902508,-0.44263658,0.15766932,1.5307482,-0.10360402,-0.010803133,0.95983124,-0.016790975,-0.43512353,-0.2297201,0.09197491,-0.22012067,1.4600137,0.44355884,0.22986315,0.07355375,0.62761647,0,119082,Single / not married,0,Incomplete higher,Working,112500.0,Cash loans,112500.0,House / apartment,24,1,Man
-1.3691168,-0.01121463,-1.2236521,0.8363517,-0.9296028,1.2118354,0.012102936,-0.80641747,-2.651446,0.4836179,-1.2382355,-1.587739,-0.45038024,0.013704496,-0.0025535738,-1.8979795,-0.6485037,-1.2927481,1.5024683,-0.38044688,-0.010803135,0.9616192,-0.016790975,-0.27505898,-1.1022617,-0.20495293,-0.19619744,0.57409847,0.27871597,-0.07827921,0.07355375,0.3667563,0,136917,Separated,1,Higher education,Working,76500.0,Cash loans,45000.0,Rented apartment,29,1,Man
-0.14665204,0.39937714,-0.4935847,-1.5276701,0.82123715,-1.2201796,1.2828665,0.34579915,-2.168389,0.41346842,-0.47993904,-0.20607547,-0.9760997,0.014929823,-0.0025458524,-0.4133384,0.5183971,-0.384118,0.91968554,1.0844473,-0.010803135,0.5319058,-0.016790977,0.5265136,0.8609569,0.66478175,2.9774609,-0.2283996,-0.077687256,-0.24712718,-0.0013426675,0.35672313,0,178877,Married,2,Higher education,Working,202500.0,Revolving loans,540000.0,House / apartment,38,15,Man
-0.8018793,-0.14590947,1.2364866,0.28256202,-1.0843058,-1.2586043,2.5633488,1.0237845,1.8261278,-2.1107032,-0.33007857,-0.7995675,0.28559735,-0.06782928,-0.0025475207,2.6883168,-0.10704852,0.34036085,-0.9559562,-0.30008876,-0.010803135,0.18145983,-0.016790975,-0.15472005,-0.011584554,-1.0275865,-0.15530187,-0.41280648,0.15548114,-0.15782268,0.11100195,-0.28740108,0,286589,Married,0,Secondary / secondary special,Pensioner,90000.0,Cash loans,238500.0,House / apartment,58,-24,Man
-0.252195,-0.66263765,-1.2383176,-0.18322052,0.57058996,-0.046902996,0.012102936,1.3236048,0.40658674,0.77026314,-0.9575594,-1.1499166,-0.13494839,-0.03733065,-0.002546625,1.0032616,-0.7622638,0.8380288,0.65811455,-0.04038278,-0.010803135,0.14331605,-0.016790977,0.1855629,-0.2297201,0.9802282,-0.22872494,-3.5724113,-11.484743,-0.6754374,0.054829646,-0.4559569,0,265286,Married,2,Secondary / secondary special,Commercial associate,360000.0,Cash loans,450000.0,House / apartment,29,7,Man
0.46735308,-1.361128,0.79308426,-4.0012326,1.0375375,0.06373348,0.012102936,0.20826131,0.59422857,-0.06306423,-0.026212221,1.0856134,0.2856059,-0.054619696,-0.0025455044,0.44793704,-0.7622634,-1.0243154,0.37463197,-0.017447952,-0.010803132,-0.6290954,-0.016790975,-0.3758326,-1.3203971,0.9244427,-0.22872494,-0.7660234,0.22866657,-0.062441044,0.11100195,0.96874154,0,286223,Married,0,Secondary / secondary special,Working,202500.0,Cash loans,679500.0,House / apartment,53,29,Man
1.3679342,1.0789973,-0.82310045,0.8438416,1.1908209,1.5444072,0.012102936,-0.057187065,-2.168389,0.54772,1.2423265,1.5923927,2.178218,-0.0049058776,-0.0025538744,-1.1967613,1.9641418,0.07166868,1.3303931,-0.14091082,-0.010803133,0.8736104,-0.016790975,-0.20046571,-0.41149962,0.82609934,-0.19127107,-0.20452322,-0.04255244,0.08026001,0.20462249,-0.0044679902,0,318470,Married,1,Secondary / secondary special,Working,157500.0,Cash loans,823500.0,House / apartment,34,1,Man
-0.818594,0.2705385,0.84578854,-0.17104933,-1.7011306,-0.06147786,0.012102936,0.5431897,1.3584679,0.67350525,-0.580569,0.10829625,0.60105866,-0.065322034,-0.0025466396,1.0568208,-0.76226836,0.15766932,-1.0083617,-0.2826202,-0.010803135,0.18145983,-0.016790975,-0.15472005,-0.08429664,0.34956545,-0.22872494,0.47773567,0.0175698,-0.49584553,-0.029428825,0.14602831,0,382026,Widow,0,Secondary / secondary special,Working,112500.0,Cash loans,225000.0,House / apartment,54,7,Man
2.3528378,0.71482205,0.976403,-0.5769121,-2.2137792,0.7335148,0.012102936,0.7403925,1.1073554,-0.026780024,1.0832449,1.5965014,0.18048348,-0.055198465,-0.0025451411,1.0375851,-0.7622605,0.19921337,0.22487159,0.15577194,-0.010803135,1.2649814,-0.016790975,-0.15472005,0.49739793,-0.2677547,1.5292447,-0.07904676,-0.028169401,-0.025012903,0.20462249,-0.5161554,0,364376,Married,0,Secondary / secondary special,Commercial associate,225000.0,Cash loans,1350000.0,House / apartment,55,9,Man
-0.64976996,0.39937714,-1.4411141,0.41270024,0.5691707,0.39233044,-0.31676894,0.7636717,-0.44303277,-0.040084235,-0.5419033,-1.6888361,-0.9760997,-0.055755988,-0.0025480033,0.07458324,-0.762268,0.026662605,1.1639097,-0.32736447,-0.010803135,1.0373107,-0.016790977,-0.1991181,0.13383892,0.74190366,-0.14167002,0.09193304,-0.02817218,-0.3920866,-0.24943705,-0.7268502,0,351792,Single / not married,0,Secondary / secondary special,State servant,135000.0,Cash loans,337500.0,House / apartment,26,3,Man
-0.9757904,-0.81837183,0.16888368,0.2947332,-0.5302137,1.793505,0.012102936,0.3424225,-1.2076699,0.8549263,-0.7896611,-0.1675855,3.229657,-0.05206393,-0.0025475589,-0.44394913,-0.7622672,0.15766932,0.38421834,-0.13248412,-0.010803135,0.5954787,-0.016790977,-0.0030568887,-0.37514356,0.39614913,0.073200434,0.20107937,0.15261856,-0.4033054,-0.091218375,-0.31148046,0,386137,Civil marriage,0,Secondary / secondary special,Working,112500.0,Cash loans,135000.0,Municipal apartment,45,4,Man
-1.1640683,0.56357044,-1.0004615,0.21093917,0.5177923,1.8756542,-1.9737213,-1.6219466,0.9049978,0.84283155,-1.0400957,-1.63943,-0.9760997,-0.06426267,-0.0025473186,-1.3153982,-0.7622666,0.15766932,0.8469204,-0.08865581,-0.010803133,0.7011688,-0.016790975,-0.24126846,-0.52056736,-0.27017018,-0.19133855,-0.5159145,0.22073406,0.36132437,-0.41327298,0.8834602,0,425739,Separated,1,Secondary / secondary special,Working,112500.0,Cash loans,130500.0,House / apartment,31,4,Man
0.23788658,0.71482205,-1.0932666,0.87614214,-0.0062107337,-0.41856202,-1.8028716,-0.09522285,0.11206273,0.59368,0.8246904,-0.11566953,-0.029827842,-0.061656628,-0.0025554602,-0.7706455,0.8854576,0.15766932,0.053351644,-0.18896604,-0.010803135,0.18145983,-0.016790975,-0.15472005,2.3151932,0.6173354,0.40562874,-0.19698095,-0.13191374,-0.09789414,0.14845017,-0.7569495,0,224062,Civil marriage,0,Higher education,Working,112500.0,Cash loans,621000.0,House / apartment,30,1,Man
-0.67579794,1.8329418,0.14207321,-0.63636374,-1.6463459,1.8478295,0.012102936,-0.64037645,0.9049978,0.6021463,-0.87095815,-0.84954417,0.7062029,-0.056208145,-0.002546227,0.115919724,-0.7622658,-0.015117288,0.87216455,0.23236932,-0.010803135,0.16477193,-0.016790975,-0.15472005,0.13383892,0.98942983,-0.22872494,2.2103786,0.2263139,-0.1260749,-0.1324114,0.567418,0,256062,Single / not married,0,Higher education,Commercial associate,202500.0,Cash loans,270000.0,House / apartment,45,9,Man
-1.0319048,-0.12776226,-0.07653436,-0.4336664,-0.41184467,-0.3907373,-1.6105225,0.60313576,1.3353148,0.8597642,-0.86430067,-0.2587569,1.5474056,-0.065273374,-0.0025463752,0.38212597,-0.76226854,0.15766932,-1.1299487,-0.26904443,-0.010803135,-0.63863134,-0.016790975,0.011030228,1.4426515,0.70256627,-0.22872494,2.020017,0.13347074,1.298934,0.25455344,1.8315868,0,272618,Civil marriage,0,Secondary / secondary special,State servant,112500.0,Cash loans,139500.0,House / apartment,43,8,Man
0.40459752,-0.01121463,0.21448413,0.116378285,0.30234358,1.6543813,0.012102936,0.25481156,0.11206273,-0.49968424,0.027326755,-1.3713287,0.049053624,-0.05303816,-0.0025470988,0.21554719,-0.76225156,0.0704848,-0.20630208,1.7491592,-0.010803135,0.18145983,-0.016790975,-0.15472005,-0.73870265,0.14390706,-0.040983222,0.17129686,0.10179696,0.49741825,-0.2587991,2.027232,1,148902,Single / not married,0,Secondary / secondary special,Working,189000.0,Cash loans,675000.0,Municipal apartment,46,5,Man
-1.0410839,0.71482205,2.0770032,0.28256202,0.2574939,-0.7027719,0.012102936,-1.7566823,-0.40231487,0.44128633,-0.64517695,-1.4597472,-0.9760997,-0.063363954,-0.0025475207,-1.2454381,-0.33538073,-0.21124414,0.6992903,-0.28352252,-0.010803133,1.1350542,-0.016790975,-0.31589493,-1.1386176,0.6043955,-0.14369455,-0.20743643,-0.081129216,-0.47895885,0.03610554,-0.27536133,1,265652,Single / not married,0,Lower secondary,Pensioner,81000.0,Cash loans,180000.0,House / apartment,68,-24,Man
0.10200002,-1.013365,1.148952,0.40427402,0.26600966,-0.7511339,0.012102936,-1.7870936,0.11206273,-0.2299716,1.1727709,-0.1453628,2.3885055,-0.06419147,-0.0025479665,-0.98619443,0.7557474,0.026662605,1.4546963,-0.29466936,-0.010803135,0.7643444,-0.016790975,-0.015103636,-1.9566253,0.9188354,-0.22872494,3.0866275,0.22299786,0.024962831,0.24207069,-0.63655245,1,163055,Separated,0,Secondary / secondary special,Commercial associate,90000.0,Cash loans,450000.0,House / apartment,57,3,Man
0.18875991,-1.2327231,0.1778205,0.6776579,-0.6565308,1.7782676,0.012102936,0.052095097,-2.4646535,0.36629894,-0.35601062,-0.11610614,-0.9760997,0.08522052,-0.0025548956,-1.2920693,0.83856386,0.19921337,0.2033555,-0.20279409,-0.010803135,-0.8036032,-0.016790975,0.020249337,-2.4110742,0.6518418,-0.224136,2.2907262,0.25639293,-0.51736605,0.045467593,-0.817148,1,235776,Married,0,Higher education,Commercial associate,225000.0,Cash loans,675000.0,House / apartment,46,2,Man
0.45440617,0.12702295,-1.5643961,0.9721074,0.3119948,0.7328523,0.012102936,0.47119182,-1.5134622,0.9287042,0.37438837,-0.3483328,0.28562775,-0.03652752,-0.002567548,-0.5329212,1.0921358,0.07166868,0.13113815,-0.085394375,-0.010803135,0.18145983,-0.016790975,-0.15472005,0.13383892,1.0848976,-0.20105632,-1.9733185,-0.04354243,-0.05324578,0.079795115,-0.07469956,1,205527,Single / not married,0,Higher education,Working,157500.0,Cash loans,675000.0,House / apartment,25,0,Man
0.32489243,-1.2868758,0.11892937,-2.7560256,1.391509,1.9213662,0.012102936,-0.67140067,0.11206273,0.7859863,0.5384554,-0.622307,0.28562775,-0.059121784,-0.002545623,-0.3295649,-0.7622639,-0.384118,0.053351644,-0.18896604,-0.010803135,0.18145983,-0.016790975,-0.15472005,-0.5932791,0.8916616,50.13221,0.5598372,-0.019295238,0.5136141,0.11100195,0.085829794,1,142636,Married,2,Secondary / secondary special,Commercial associate,135000.0,Cash loans,630000.0,House / apartment,45,22,Man
-0.9292799,0.31059277,-0.64207315,-1.2308801,0.94897354,0.026633825,-1.6163309,-1.7036347,0.7381704,0.5174832,-0.6631377,-0.2591416,-0.9760997,-0.0646493,-0.0025454983,-1.2997322,-0.762267,-0.22683495,-0.62522644,-0.21427786,-0.010803133,-2.3598692,-0.016790975,-0.34197706,0.8609569,0.5086401,1.384828,-0.2874657,-0.14537832,0.14647232,0.18589838,-0.4559569,1,344825,Civil marriage,0,Secondary / secondary special,Working,103500.0,Cash loans,225000.0,House / apartment,36,13,Man
-0.13413,-0.08524986,0.35861874,0.8653753,-0.6145197,1.2429726,0.012102936,-2.40549,0.11206273,0.84646,0.02965481,-0.8565297,0.7062029,-0.059121784,-0.0025548714,-1.3501452,-0.7622567,0.026662605,0.053351644,-0.18896604,-0.010803135,0.18145983,-0.016790975,-0.15472005,-0.2297201,0.9779277,-0.2145532,0.17591844,0.19528532,-0.21072511,-0.1136873,0.26642534,1,154759,Separated,0,Secondary / secondary special,Working,135000.0,Cash loans,450000.0,House / apartment,48,1,Man
-0.09077241,1.0789973,1.7238854,0.28256202,1.2927263,-0.91013247,1.7501984,-0.85852796,-1.3609674,-0.6786864,-0.1435831,0.23790911,0.91652185,-0.040152315,-0.0025475207,-0.48621467,-0.7622652,0.07166868,-0.90495676,-0.31966496,-0.010803135,0.18145983,-0.016790975,-0.15472005,-0.15700836,0.9258229,-0.22872494,1.5985526,0.052244477,0.4172369,0.06887273,1.056531,1,288723,Married,0,Secondary / secondary special,Pensioner,157500.0,Cash loans,454500.0,House / apartment,64,-24,Man
-0.75039357,-1.4063154,-0.9305711,0.92435884,0.45420796,1.2224352,-2.3176982,-0.36114714,-1.4424556,0.40984,-0.4898533,-0.15793487,-0.9760997,-0.04859916,-0.002575026,-1.9860147,-0.7622679,0.15766932,2.0445776,-0.31345737,-0.010803132,1.4473563,-0.016790975,-0.37806123,0.31561843,0.43358862,-0.110289745,0.06855055,0.1677756,-1.0200846,-1.4430987,0.32662386,1,367110,Single / not married,0,Higher education,Commercial associate,112500.0,Cash loans,297000.0,House / apartment,32,0,Man
-0.8554893,0.71482205,-0.86434704,-0.7585439,-0.29177248,1.8392171,-1.8194888,0.42315137,0.78519636,0.89242,-0.7699317,-1.5810074,0.07533922,-0.06186168,-0.002546154,-0.11002658,-0.15822183,0.026662605,-2.2072973,-0.36268103,-0.010803135,0.18145983,-0.016790975,-0.15472005,0.35197446,0.37130454,-0.228455,-2.4361088,0.16110241,0.3750845,-0.026308144,1.15937,1,238116,Single / not married,0,Secondary / secondary special,Working,135000.0,Cash loans,225000.0,House / apartment,33,10,Man
-0.7521824,-1.361128,0.35105672,0.97163934,1.1672608,1.464908,0.012102936,-1.5752976,-2.5336118,0.25986525,-0.49223277,-1.1535898,1.5473543,0.018613942,-0.0025674207,-2.287008,-0.76226616,-1.3714309,1.4933614,-0.13214152,-0.010803133,0.7619604,-0.016790975,-0.29753545,-0.2297201,0.9192667,-0.19633241,0.7764966,0.0745345,-0.15889844,0.20462249,-0.8773465,1,387332,Married,0,Secondary / secondary special,State servant,112500.0,Cash loans,225000.0,House / apartment,48,0,Man
-0.13413,-0.20526777,-1.5774575,0.7581751,0.31369793,0.94286287,-2.7806556,-2.5531569,-1.5971808,0.8742779,0.196435,-0.034461793,0.7062029,-0.043365356,-0.0025513459,-3.55847,-0.7622567,-3.1692023,1.5853904,0.43305588,-0.010803135,0.8763917,-0.016790975,-0.15472005,-0.5932791,1.0176101,-0.2159029,0.1452934,0.1790097,1.1281302,0.24207069,0.7480135,1,224878,Married,0,Secondary / secondary special,State servant,121500.0,Cash loans,450000.0,House / apartment,25,1,Man
-0.67236555,-0.08524986,-1.1400129,-0.85404104,0.09455907,-0.32448792,0.012102936,0.34593844,-0.26917973,1.1645516,-0.6234754,-0.6610239,0.28560212,-0.055801917,-0.0025458895,0.063769296,0.016578488,-0.12517981,-0.00019511225,0.14415096,-0.010803135,1.2995492,-0.016790975,-0.37657616,-1.1386176,-2.0086045,-0.09510575,-0.711903,0.16110483,-0.8094309,-0.1885837,-0.7569495,1,344200,Civil marriage,2,Secondary / secondary special,Working,144000.0,Cash loans,283500.0,House / apartment,30,11,Man
-0.9292799,1.8329418,-0.62694913,0.98661923,-0.59862363,-0.69482195,0.012102936,-1.6764326,0.11206273,0.94926524,-0.85172445,-0.55789304,-0.9760997,-0.059121784,-0.0025723716,-0.9210662,-0.7622683,0.36070132,0.053351644,-0.18896604,-0.010803135,0.18145983,-0.016790975,-0.15472005,0.25502515,0.71280324,1.9348261,-1.1682539,0.05269637,0.14342366,0.19526044,-0.6064532,1,180116,Civil marriage,0,Secondary / secondary special,Commercial associate,135000.0,Cash loans,225000.0,House / apartment,36,0,Man
-0.13413,-0.044978768,-1.118702,0.94308376,1.1275206,-0.46957406,-2.2221103,-2.2969756,0.11206273,-0.7706064,0.08141415,-0.034461793,0.7062029,-0.059628755,-0.0025616863,-2.2466776,0.53035,-0.7790366,-1.5384241,-0.33614245,-0.010803135,-1.9569756,-0.016790977,-0.1963912,-0.7750587,-1.5997032,-0.13964547,0.57479024,0.15873027,0.21754599,-0.048152927,0.41692165,1,127099,Married,0,Secondary / secondary special,Working,130500.0,Cash loans,450000.0,House / apartment,30,0,Man
-0.6545105,-0.14945222,-0.42392373,0.5582865,0.55838406,0.35523078,0.012102936,0.08792853,-2.438339,1.1621326,-0.08505341,-1.144559,1.1267791,-0.013783926,-0.002548844,-1.2568017,0.03362206,0.34036085,0.36389527,-0.23433511,-0.010803135,0.5009139,-0.016790975,-0.1754624,-0.5932791,-1.5945272,-0.2145532,0.14457034,0.17862545,0.54508036,0.33569118,-0.09476577,1,133225,Married,3,Lower secondary,Working,90000.0,Cash loans,265500.0,With parents,38,2,Man
-0.499416,-0.20526777,-1.8134805,0.7282152,-0.33208042,1.51592,-2.5063198,-2.554505,-1.0738047,1.1488284,-0.6492749,-1.6327184,-0.13494839,-0.041243922,-0.0025507752,-3.1593478,0.18166713,-0.2755931,1.6199014,-0.2202327,-0.010803133,1.330541,-0.016790975,-0.3398611,0.49739793,0.8519792,-0.2159029,-0.12157634,-0.04255264,0.7601609,0.4105876,-0.15496428,1,331720,Single / not married,0,Lower secondary,Working,180000.0,Cash loans,360000.0,House / apartment,22,1,Man
-0.5817037,0.75632215,-1.0307089,0.14352943,1.2643404,-0.7564339,0.012102936,-0.90231484,-0.7133065,1.1645516,0.5384554,-0.6596446,0.28562775,-0.06392183,-0.0025471572,-0.9101679,-0.7622653,0.36070132,0.80122536,-0.360457,-0.010803135,0.76315236,-0.016790975,-0.2677516,0.0126526905,0.2688204,-0.19318314,0.08013292,0.10061441,-0.09856695,0.09227785,-0.1950966,1,314800,Married,2,Secondary / secondary special,Working,67500.0,Cash loans,315000.0,House / apartment,31,5,Man
-0.9851819,-0.044978768,-0.7044015,0.42487144,-0.5191432,-0.854483,-3.22376,-2.4247596,0.30591318,0.3723463,-0.8021531,-0.20607547,-0.9760997,-0.062410913,-0.002548059,-2.648007,-0.28201962,-1.3714309,-1.0997517,-0.23052794,-0.010803135,0.18145983,-0.016790975,-0.15472005,-1.3203971,-1.3805873,0.64114946,0.41680112,0.10767292,-0.20125909,0.026743488,0.0105816405,1,130096,Married,1,Secondary / secondary special,Working,112500.0,Revolving loans,202500.0,House / apartment,35,3,Man
-0.3043963,-1.3275808,-0.6010553,0.3916347,1.2362384,1.5112826,0.012102936,-0.34999081,0.11206273,0.5368347,-0.9533572,-1.144541,1.601818,-0.03580123,-0.002546065,-0.14040245,0.3678227,-0.61030626,0.053351644,-0.18896604,-0.010803135,0.18145983,-0.016790975,-0.15472005,-1.6112444,0.7274109,-0.22602555,-1.1735095,0.15246983,0.17225225,0.19526044,-0.18506354,1,429178,Married,2,Secondary / secondary special,Working,342000.0,Cash loans,360000.0,House / apartment,36,3,Man
1.234798,0.71482205,0.9363022,0.30362755,0.64893496,0.18496984,0.012102936,-0.06557864,-1.4821799,0.109890506,0.037834026,-0.41146618,0.75877506,-0.010905021,-0.0025475875,-0.83197725,-0.762261,-0.2755931,1.0507907,-0.06711407,-0.010803135,-0.00925905,-0.016790975,0.17798169,0.13383892,0.40224525,-0.18778439,1.3052377,0.15217371,-0.042504426,0.0641917,-0.5161554,1,321000,Civil marriage,0,Secondary / secondary special,Working,270000.0,Cash loans,900000.0,House / apartment,55,4,Man
-0.19137365,-1.0535637,-1.0504158,0.9632131,0.029555453,0.9349129,0.012102936,-1.5244683,-1.1100187,0.7726821,-0.6088247,0.5935286,-0.9760997,-0.032158777,-0.0025653536,-1.4900749,0.47570822,-0.42083928,1.5326655,-0.3447142,-0.010803132,0.8108321,-0.016790975,-0.3696885,0.0126526905,0.2688204,-0.19318314,0.08013292,0.10061441,-0.09856695,0.09227785,-0.1950966,1,215044,Single / not married,0,Higher education,Commercial associate,225000.0,Cash loans,522000.0,House / apartment,31,0,Man
1.4442964,-0.14945222,0.64940816,0.71651214,-0.7573006,0.39034295,0.012102936,0.33915636,1.0558189,0.3034063,1.3148777,1.0924162,-0.050819665,-0.060765933,-0.0025505798,0.7736743,-0.76224166,0.07166868,-2.8889518,-0.35107577,-0.010803135,0.18145983,-0.016790975,-0.15472005,-0.52056736,-2.3340003,-0.198087,-0.6980164,0.1334815,-0.4911762,-0.038790878,-0.5522745,1,123813,Civil marriage,0,Secondary / secondary special,Commercial associate,157500.0,Cash loans,1057500.0,Municipal apartment,51,1,Man
-0.9292799,0.56357044,-1.4443222,-0.14717504,1.2949971,1.8908916,0.012102936,-0.566127,0.11206273,1.1645516,-0.7563949,-0.8659816,-0.9760997,-0.061149657,-0.0025466694,-0.2676076,-0.7622679,0.098185554,0.053351644,-0.18896604,-0.010803135,0.18145983,-0.016790975,-0.15472005,0.8609569,-0.5550208,-0.2145532,0.45626768,0.10133827,0.31833872,0.11100195,-0.27536133,1,154530,Single / not married,0,Higher education,Working,117000.0,Cash loans,225000.0,House / apartment,26,7,Man
-0.03542944,-0.01121463,0.13588636,0.6027582,1.3140156,1.8683667,0.51014656,0.3081879,-2.3158011,-0.73190325,-0.09100199,0.48604003,0.91649055,0.011196939,-0.002549209,-0.84705937,-0.76226854,-1.8962431,0.87951404,-0.006487741,-0.010803135,1.1755819,-0.016790975,-0.30720755,0.61858416,-0.8928964,0.604033,0.5367573,0.12065631,-0.8359822,-0.4319971,-0.09476577,1,314224,Married,2,Secondary / secondary special,Commercial associate,157500.0,Cash loans,472500.0,House / apartment,45,2,Man
0.08813632,-0.45896855,-0.98373353,0.48057806,0.27793172,1.298622,0.012102936,0.32879025,0.11206273,0.9299137,0.27602446,0.51907766,-0.9760997,-0.059121784,-0.0025483423,0.25908694,0.7425138,0.026662605,0.053351644,-0.18896604,-0.010803135,0.18145983,-0.016790975,-0.15472005,-1.9748034,1.2111912,-0.22872494,0.08013292,0.19942166,0.88134974,-0.012577129,1.2777605,1,163356,Married,1,Secondary / secondary special,Working,135000.0,Cash loans,634500.0,House / apartment,32,3,Man
0.7174139,-0.6659635,1.2749835,0.28256202,1.1505132,-1.0711185,0.012102936,-0.038972747,0.11206273,-0.012266339,0.7512789,-0.012863142,0.758795,-0.05760088,-0.0025475207,0.042644247,1.3431891,-0.22780657,0.053351644,-0.18896604,-0.010803135,0.18145983,-0.016790975,-0.15472005,2.6787522,-0.24705084,-0.16056566,0.55983984,-0.072093025,0.4681501,0.12972605,-0.15496428,1,103667,Married,0,Secondary / secondary special,Pensioner,148500.0,Cash loans,729000.0,House / apartment,59,-24,Man
-1.0219431,-1.013365,0.4039901,0.9444881,-1.3619195,1.093249,0.012102936,-1.817185,0.11206273,0.97587365,-0.85105026,-0.8690867,1.1267791,-0.061656628,-0.0025618984,-1.0039043,-0.7622675,-1.3714309,0.053351644,-0.18896604,-0.010803135,0.18145983,-0.016790975,-0.15472005,-1.5021766,0.56643844,-0.22551942,1.2355436,0.16954881,-0.32448852,-0.21666986,-0.3054606,1,302708,Married,1,Secondary / secondary special,Commercial associate,112500.0,Cash loans,148500.0,House / apartment,48,0,Man
-0.53411996,-0.044978768,-1.0896001,0.9561912,0.35599285,-0.6014103,-1.5293888,-1.0429497,0.11206273,1.1403621,0.11511582,-0.15275022,2.3885055,-0.06419147,-0.0025639029,-1.2108607,0.14854053,0.026662605,0.053351644,-0.18896604,-0.010803135,0.18145983,-0.016790975,-0.15472005,0.13383892,-0.072218254,-0.03369491,-1.3149397,0.020134471,-0.09856695,0.09227785,-0.1950966,1,452635,Single / not married,0,Secondary / secondary special,Working,90000.0,Cash loans,270000.0,With parents,30,0,Man
-0.25845602,0.31059277,-1.3169156,-0.17479432,1.4020118,0.7421272,-1.7108587,0.29697022,-1.2938627,-0.904858,-0.56255805,-0.27173486,-0.9760997,-0.032166127,-0.002547133,-1.2577704,-0.7622638,-0.384118,0.64349276,0.6737376,-0.010803135,-0.49916816,-0.016790975,0.04843748,0.061127182,-0.3871469,0.3724264,1.5723016,0.1641849,-0.21655552,0.15968463,-0.66063184,1,389918,Married,2,Secondary / secondary special,Working,202500.0,Cash loans,495000.0,House / apartment,28,7,Man
-1.152888,0.13967553,0.6720938,-0.035293616,-1.5441568,0.31084368,0.8963802,-1.4484011,-2.0764458,1.0169958,-1.158942,-0.20607547,-0.9760997,-0.010959137,-0.0025468264,-1.5858929,-0.762268,-16.588861,-0.5623922,-0.2605927,-0.010803135,-1.3895869,-0.016790975,-0.1961508,0.4246862,0.4648169,-0.20699494,-0.8028113,0.26729065,0.16485202,0.054829646,0.7179143,1,140392,Married,1,Secondary / secondary special,Commercial associate,160650.0,Revolving loans,135000.0,House / apartment,51,6,Man
1.8406862,-0.14590947,0.030019622,0.6261644,-0.63836384,-0.96313196,0.012102936,0.5786,1.1746287,-0.12716635,2.2186282,1.6089178,0.18048348,-0.06303859,-0.0025494315,0.9786105,-0.76226646,0.026662605,-0.6840867,-0.33681676,-0.010803133,0.84778386,-0.016790975,-0.30626988,-0.5932791,-1.6811383,-0.202406,-0.57938147,-0.011296916,0.10461158,0.061851185,0.4470209,1,130551,Married,0,Secondary / secondary special,Working,135000.0,Cash loans,1170000.0,House / apartment,44,2,Man
-0.873378,-0.19225387,-1.2637532,0.651443,0.66199243,0.22736946,-2.8675199,-1.4263242,-0.09398716,-0.3545474,-0.9601619,-1.3765907,-0.9760997,-0.05258976,-0.0025497007,-2.122718,-0.17529741,-0.2755931,0.6660576,-0.18453766,-0.010803135,0.42462638,-0.016790975,-0.36572853,-0.44785565,0.4213389,0.7423761,0.02608187,0.1866899,0.3026056,0.19838111,0.20622683,1,327655,Married,1,Secondary / secondary special,Commercial associate,180000.0,Cash loans,247500.0,House / apartment,28,2,Man
1.1236761,-0.8887921,0.90353394,0.48245057,-2.2821891,-0.33906278,0.012102936,0.8766628,-2.3476734,1.1597136,1.7455546,1.8648803,0.18049107,-0.0048687826,-0.0025483528,-0.7437504,-0.7622665,-0.64063895,0.053351644,-0.18896604,-0.010803135,0.18145983,-0.016790975,-0.15472005,0.0126526905,0.2688204,-0.19318314,0.08013292,0.10061441,-0.09856695,0.09227785,-0.1950966,1,125482,Separated,0,Secondary / secondary special,Working,121500.0,Cash loans,918000.0,House / apartment,54,3,Man
0.13062184,-0.16152626,-0.7607721,-0.36157545,0.19646432,-0.18403924,-0.41227716,-0.2718932,0.5453753,0.5997274,-0.3498142,0.26370144,0.28562775,-0.053011876,-0.002546438,-0.043398112,0.7830683,-0.66975,-1.2084885,-0.3598358,-0.010803135,0.66540897,-0.016790975,-0.38800254,-0.30243182,0.8633663,-0.22872494,-0.1072366,0.22310646,-0.48187384,0.03610554,-0.47100654,1,395780,Separated,2,Secondary / secondary special,Working,216000.0,Cash loans,562500.0,House / apartment,34,8,Man
-0.67236555,-1.0012186,1.3936824,0.28256202,-1.1379551,-1.1857299,0.012102936,-0.6721067,0.28564933,0.77147263,-0.38606578,-0.86103994,0.28560212,-0.062336296,-0.0025475207,-0.23645376,0.016578488,0.15766932,1.483775,-0.21248136,-0.010803135,0.7500405,-0.016790975,-0.16394769,-0.9568382,0.87095773,-0.16056566,0.39625964,-0.043636438,-0.2688338,-0.07623909,0.62761647,1,143562,Civil marriage,0,Secondary / secondary special,Pensioner,112500.0,Cash loans,283500.0,House / apartment,60,-24,Man
-0.37026003,0.39937714,-1.7165507,0.8934627,0.46357527,1.1767231,0.012102936,-0.6179922,-0.7817214,1.0194148,-0.5419033,-0.41885677,-0.9760997,-0.04569821,-0.002566735,-0.7796945,0.3049526,-0.036431734,1.5719696,-0.24929613,-0.010803135,0.97691643,-0.016790977,-0.2225688,0.13383892,1.2246487,-0.22872494,1.725704,-0.06783252,0.8517214,0.3731394,1.3499987,1,415879,Married,0,Secondary / secondary special,Working,180000.0,Cash loans,450000.0,House / apartment,23,0,Man
-0.12429125,-1.3275808,-1.1915712,-0.34425488,1.0480402,-0.052202947,0.012102936,1.0231708,0.2450087,0.4691042,-1.035234,-1.00573,-0.9760997,-0.02379909,-0.002546454,0.7393876,0.5397416,-4.719077,-0.31319007,0.013526105,-0.010803135,0.5700495,-0.016790977,1.6234705,-2.920057,1.0283071,-0.0393636,-0.098304994,-0.038578536,-0.14810118,0.20930351,-0.8773465,1,156901,Married,2,Secondary / secondary special,State servant,468000.0,Cash loans,549000.0,Municipal apartment,29,8,Man
-0.5156052,0.56357044,1.5680646,0.28256202,0.60039514,-0.68687207,1.3654804,-0.20016044,1.047141,1.1645516,0.14589962,0.1176685,-0.9760997,-0.06656264,-0.0025475207,1.0333513,0.16621377,0.34036085,0.11260447,-0.32364175,-0.010803135,-0.19520995,-0.016790977,0.066649675,0.0126526905,0.2688204,-0.19318314,0.08013292,0.10061441,-0.09856695,0.09227785,-0.1950966,1,224883,Separated,0,Secondary / secondary special,Pensioner,90000.0,Cash loans,391500.0,House / apartment,62,-24,Man
-0.252195,-1.0743862,-0.52474904,0.57654333,-0.39481318,1.4702079,0.012102936,0.9799361,-0.6441351,0.8379937,-0.443752,-0.8570986,-0.13494839,-0.047405664,-0.0025489856,0.23487975,0.41765136,-0.036431734,-0.13488361,-0.008234417,-0.010803135,0.9479113,-0.016790975,-0.030810706,-0.2297201,0.9658504,-0.15854113,0.10738121,0.0014995713,-0.21936285,0.16717428,-0.93754506,1,423792,Married,1,Secondary / secondary special,Working,180000.0,Cash loans,450000.0,House / apartment,37,2,Man
1.0134261,-0.81837183,-0.6246577,0.3878897,1.3475109,1.3449966,0.012102936,-1.3043978,-0.38190672,0.055464193,3.150339,0.24526946,-0.029804103,-0.06345107,-0.002547897,-0.9682546,1.6257468,-0.21124414,1.4377604,-0.32322317,-0.010803135,1.18035,-0.016790975,-0.28935418,1.297228,-0.67769116,0.44638938,0.7074706,0.15390712,-0.24810484,0.03236072,-0.22720256,1,277495,Married,2,Secondary / secondary special,Working,81000.0,Cash loans,900000.0,House / apartment,36,3,Man
-0.593868,-0.08524986,-1.0258969,0.95385057,0.07185039,-0.688197,0.012102936,0.7186341,-0.99101835,-2.467498,-0.5419033,-1.1518126,-0.9760997,-0.048979133,-0.0025634645,-0.105804496,-0.76226795,-0.12517981,1.5777214,2.5427732,-0.010803132,0.8668558,-0.016790975,-0.23994102,0.0126526905,0.2688204,-0.19318314,0.08013292,0.10061441,-0.3456903,0.054829646,-0.5763539,1,116603,Married,0,Secondary / secondary special,Commercial associate,144000.0,Cash loans,360000.0,House / apartment,31,0,Man
-0.98774225,-0.16152626,1.2186133,0.6973191,0.2157667,-0.94391966,-2.5158818,-0.07041928,-1.8535068,0.36992738,-1.1245917,-1.0208894,1.5473078,-0.0064279577,-0.0025502872,-2.1215715,-0.28446358,-0.66975,1.1540039,-0.35164037,0.20643525,0.99280965,0.41598925,-0.35552418,0.7882452,-0.05208946,0.041482747,-0.89431846,0.19509713,0.8180957,-0.0013426675,1.2597009,1,411527,Single / not married,0,Secondary / secondary special,Working,216000.0,Cash loans,153000.0,House / apartment,58,2,Man
1.4561698,-0.12776226,-0.68652785,0.77924067,1.3619877,1.8213297,-0.6038638,0.3597365,0.8868083,-2.2739823,1.2484498,1.0920686,1.5473543,-0.059763975,-0.002550337,0.4299465,2.048367,0.07538538,0.048695374,-0.13908447,-0.010803135,0.18145983,-0.016790975,-0.15472005,0.8609569,-1.0234457,-0.17777419,-0.19693857,-0.06803968,-14.456884,-46.79288,0.687815,1,123604,Married,1,Higher education,Working,162000.0,Cash loans,900000.0,House / apartment,35,1,Man
-0.49104187,-0.12776226,0.82974786,-0.15560126,-1.2847099,0.86402607,0.012102936,0.8404687,-2.4281447,0.5211116,-0.80812395,-0.41991404,0.2856477,0.074087106,-0.002546659,-0.8084091,0.18966058,0.19921337,0.9655358,-0.07555683,-0.010803133,0.3733707,-0.016790975,-0.29812393,-0.2297201,0.51554143,-0.22872494,1.0618806,-0.021615807,-0.5575318,-0.07623909,0.26642534,1,165015,Married,0,Secondary / secondary special,Working,225000.0,Cash loans,346500.0,House / apartment,53,7,Man
-0.89238465,-0.7159228,-0.05568199,0.01900867,-0.9293189,-1.4036903,0.355097,-0.16009717,0.8317068,-0.8891348,-0.67872036,-1.557623,-0.45038024,-0.064067625,-0.0025469149,0.50653404,-0.19344018,0.15766932,-1.2103144,-0.34674934,-0.010803135,-1.9081038,-0.016790977,-0.22292353,0.8609569,-1.3909392,-0.12367416,0.002962913,0.08623246,-0.8024127,0.03610554,-1.2987361,1,173135,Civil marriage,0,Secondary / secondary special,Working,112500.0,Cash loans,225000.0,House / apartment,43,6,Man
-0.3519018,-1.0535637,0.050184745,0.020881163,-1.1356841,-0.7173468,-1.9723881,0.49862963,-1.6046224,0.68197155,-0.71558654,-1.3730212,0.364476,-0.016670486,-0.0025471156,-1.4189411,0.32247642,-0.42083928,-0.7818676,0.7438381,-0.010803135,-0.3716249,-0.016790975,1.4821388,-0.32060984,0.99906284,-0.22349489,0.14531028,0.17901869,-0.43962613,0.12972605,-1.1181406,1,323331,Married,2,Secondary / secondary special,Working,225000.0,Cash loans,391500.0,House / apartment,44,6,Man
0.80838877,-0.12776226,-0.113427386,0.9646175,0.26402265,-0.7034344,0.012102936,1.0264963,0.60394967,-2.0357158,0.22580037,0.51017004,1.5473647,-0.05467359,-0.002565671,0.9347383,1.430029,-0.384118,-1.7406005,-0.116996944,4.388267,-3.475098,8.746995,-0.45505396,-0.37514356,-0.9696157,0.07751943,0.14913367,0.14763212,-0.74868834,-0.05751498,-0.61648625,1,189487,Married,0,Secondary / secondary special,Commercial associate,202500.0,Cash loans,702000.0,House / apartment,42,0,Man
-0.818594,-0.92899084,-1.0712683,0.8653753,0.024445998,-0.32316294,0.012102936,-0.3564764,0.11206273,0.7908242,-0.72903526,-1.3760995,0.60105866,-0.059121784,-0.0025548714,-0.14421983,-0.76226324,0.026662605,0.053351644,-0.18896604,-0.010803135,0.18145983,-0.016790975,-0.15472005,0.8609569,0.89856285,-0.16056566,0.45373854,0.100614555,-0.21158883,-0.020066772,-0.27536133,1,287107,Civil marriage,0,Secondary / secondary special,Working,135000.0,Cash loans,225000.0,With parents,31,1,Man
0.5610001,0.75632215,1.5334631,0.28256202,0.49196115,-0.71867174,0.012102936,0.83062565,0.11206273,0.8186421,0.47566265,1.5856757,0.60105866,-0.056586944,-0.0025459344,0.55443674,-0.7622672,0.07166868,0.4532402,0.18004967,-0.010803135,-0.531352,-0.016790975,-0.15472005,-1.3203971,0.9382453,0.3408437,-0.2014267,-0.005253714,-0.23231955,0.16717428,-0.8773465,1,398903,Married,0,Secondary / secondary special,Pensioner,157500.0,Cash loans,688500.0,House / apartment,62,-24,Man
-0.6344081,-0.6659635,-0.30522484,0.955255,0.3565606,-0.82533324,0.012102936,0.6988456,0.95901525,0.98434,-0.5248755,-0.27720353,1.5472993,-0.062415943,-0.002563725,0.9332088,0.052810647,0.36070132,-0.86091423,-0.05680641,-0.010803135,0.60223335,-0.016790975,-0.12977916,-0.5932791,-1.7739607,-0.04674191,-0.044007976,0.14762305,-0.1814646,0.05951067,-0.41080803,1,298648,Married,0,Secondary / secondary special,Working,135000.0,Cash loans,261000.0,Municipal apartment,40,0,Man
0.10200002,-0.12776226,-0.17552666,0.79609305,-1.1166656,-0.68422204,0.012102936,-2.2774904,-1.7474686,1.1597136,-0.079715386,-0.13439283,2.3885055,-0.025309287,-0.0025522579,-2.2767096,0.7557474,0.11080254,1.3011546,-0.32466528,-0.010803135,0.5229658,-0.016790977,-0.3004098,-0.44785565,1.0621233,-0.19997656,1.4352281,0.21705589,0.53212357,0.3169671,-0.21516281,1,125070,Married,0,Higher education,Commercial associate,171000.0,Cash loans,450000.0,With parents,41,1,Man
0.40050548,-0.16152626,-1.3936803,0.75911134,-1.3891699,0.24061933,-2.8496625,-0.8853573,-0.34100223,0.47273263,0.098859504,0.25464195,-0.02979366,-0.050532416,-0.0025513654,-1.9297503,1.040685,-0.036431734,1.1568798,-0.20214331,-0.010803133,0.65050906,-0.016790975,-0.28333092,-1.3203971,0.4448032,-0.12682344,0.17592686,0.19528978,-0.16753618,0.18589838,-0.7569495,1,246860,Civil marriage,0,Secondary / secondary special,Working,180000.0,Cash loans,679500.0,House / apartment,27,1,Man
-0.06838926,0.39937714,-1.2754396,0.28724325,0.81158596,0.06042101,-1.4869004,-0.40143508,-0.33075926,0.8089663,0.10252461,0.25479847,-0.9760997,-0.056551788,-0.0025470033,-1.0536282,0.59310263,0.026662605,-0.39707083,-0.39501327,-0.010803135,0.18145983,-0.016790975,-0.15472005,1.588075,0.53682035,-0.1682139,-0.57391363,0.2540785,0.58071107,0.25143275,0.17612757,1,298651,Married,0,Secondary / secondary special,Working,135000.0,Cash loans,571500.0,House / apartment,28,4,Man
-0.31435803,0.39937714,-0.44248465,0.7914118,-0.052479688,-1.058531,0.27952397,0.65594316,0.6619127,1.1645516,-0.4954301,-0.12053386,-0.9760997,-0.05713803,-0.002552131,0.86283684,-0.762264,-0.036431734,-0.42551047,-0.17212029,-0.010803135,-0.38195544,-0.016790975,-0.15472005,2.3151932,-1.1286904,-0.103203885,-0.21343698,-0.13436247,13.520459,-0.45072117,29.161715,1,261702,Civil marriage,2,Secondary / secondary special,Commercial associate,180000.0,Cash loans,472500.0,House / apartment,38,1,Man
1.8658197,-0.20526777,-0.558663,-0.016568689,-0.33378357,-0.08599013,0.012102936,0.04289285,-2.2431602,-0.27835056,0.75934553,1.59438,-0.9760997,0.03531908,-0.0025468557,-1.1781466,2.4393973,-0.42083928,1.3471692,0.083724275,-0.010803133,0.5438257,-0.016790975,-0.35755262,-0.8114147,0.70187616,-0.22858995,0.9471899,0.16420561,0.17516753,-0.010704719,1.1393039,1,334147,Married,1,Higher education,Working,225000.0,Cash loans,1350000.0,House / apartment,37,6,Man
0.69679725,-0.8454121,0.437675,0.28256202,-0.92392564,0.9879124,0.012102936,-0.3890198,0.11206273,0.05183577,0.950691,1.1820074,2.178218,-0.059121784,-0.0025475207,-0.16337292,1.3235096,0.026662605,0.053351644,-0.18896604,-0.010803135,0.18145983,-0.016790975,-0.15472005,-0.7750587,-0.50929976,-0.021547716,-0.24622901,0.16276495,-0.34664863,-0.07155806,-0.3957584,1,263078,Civil marriage,0,Secondary / secondary special,Pensioner,135000.0,Cash loans,630000.0,House / apartment,49,-24,Man
-0.47469613,-0.78345096,-0.85816014,0.95806366,0.7426083,-0.9392822,0.012102936,-0.8184986,0.81316596,1.0847263,-0.6287245,-1.1509336,-0.13496737,-0.057828814,-0.0025642691,-0.03839005,0.20526335,-0.036431734,-2.3335176,-0.19656016,-0.010803135,0.18145983,-0.016790975,-0.15472005,-1.3203971,-0.042312603,-0.052590556,-1.0246667,0.18168367,0.19525042,0.24207069,-0.54625463,1,218397,Married,1,Higher education,Working,180000.0,Cash loans,369000.0,House / apartment,33,0,Man
-1.152888,0.56357044,-1.024522,-0.34565926,0.63048416,1.1694357,0.012102936,-0.49655133,0.11206273,0.77872944,-1.0252243,-0.18546095,-0.9760997,-0.061656628,-0.0025464527,-0.22665928,-0.44210294,0.15766932,0.3497074,-0.25854665,-0.010803135,0.18145983,-0.016790975,-0.15472005,-0.047940593,0.3481852,0.0668569,-1.9388713,-0.13728347,-0.6590256,-0.048152927,-0.33555987,1,207629,Single / not married,0,Secondary / secondary special,Commercial associate,112500.0,Cash loans,135000.0,House / apartment,31,8,Man
2.4248397,-0.19225387,-0.5355188,0.79375243,-0.02522926,-0.81142086,0.012102936,0.32574236,-0.83970475,-0.9072769,1.4202973,1.8713897,-0.9760997,-0.04123463,-0.0025521938,-0.2555098,-0.7622572,-1.0243154,-0.83069426,0.22092624,-0.010803131,-1.3728989,-0.016790973,-2.8227446,-0.5932791,-1.4956087,1.4455639,0.2708221,0.1554887,-0.60806274,-0.029428825,-0.9074458,1,104917,Married,1,Secondary / secondary special,Working,202500.0,Cash loans,1575000.0,House / apartment,37,1,Man
-0.817476,-1.0012186,-1.4651747,0.52504975,1.0452015,1.5536822,-2.8654993,-2.1635075,0.11206273,0.6710863,-0.23208219,-1.1444229,-0.9760997,-0.06520541,-0.0025486113,-2.4446929,-0.121936284,-0.21124414,0.053351644,-0.18896604,-0.010803135,0.18145983,-0.016790975,-0.15472005,0.49739793,0.727756,0.075629875,-1.7797252,-0.07496303,0.13821825,-0.10432524,0.8383113,1,332158,Married,1,Secondary / secondary special,Commercial associate,81000.0,Cash loans,270000.0,House / apartment,26,3,Man
-0.40689817,-1.0599985,-0.8597641,0.8878452,0.65035427,-0.64049745,0.012102936,1.1526428,-2.378127,0.7859863,-0.57236177,-0.15036656,2.3884819,0.034043103,-0.0025561869,-0.59773374,-0.7622676,-0.036431734,1.8701057,-0.28923365,-0.010803133,1.2304137,-0.016790975,-0.34832498,0.7397707,0.9365199,-0.20578022,-1.5474794,0.10740055,-0.70005506,0.054829646,-0.93754506,1,426763,Married,1,Secondary / secondary special,Working,180000.0,Cash loans,306000.0,House / apartment,33,0,Man
0.38799462,0.71482205,-0.019934695,-0.03857048,-0.031190291,-1.2870915,0.012102936,0.12256156,-0.38190672,-2.1651297,1.0243541,-0.11489578,-0.029804103,-0.059220035,-0.0025468213,-0.12843312,1.0287428,0.15766932,0.65148634,-0.12978895,-0.010803135,0.5426337,-0.016790975,-0.22453068,0.7882452,-0.90508866,-0.21711761,-0.67663586,0.1611133,-0.60502076,0.031424515,-0.21516281,1,413222,Married,0,Secondary / secondary special,Working,112500.0,Cash loans,675000.0,House / apartment,43,6,Man
0.07695593,-1.2327231,-1.5554593,0.97491616,0.31511724,1.9167289,-1.5978744,0.39094633,-1.8662479,0.5065979,-0.57395375,-1.1445692,-0.9760997,0.00868189,-0.0025760778,-1.4622904,-0.7622547,0.1672087,1.3607498,0.14560536,-0.010803133,0.5970681,-0.016790975,-0.061049804,-2.5928535,1.0585865,-0.16765152,0.6039812,-0.027962143,-0.40982577,0.008019385,-0.42585763,1,179669,Married,0,Secondary / secondary special,Working,261000.0,Cash loans,630000.0,Municipal apartment,25,0,Man
-0.03484806,0.56357044,-0.96608895,0.6289731,1.2708691,-0.8743578,0.012102936,0.93519926,-1.1009997,1.0218337,-0.59260136,-0.11779088,-0.9760997,-0.02816768,-0.00254898,-0.037603803,0.6251193,0.21723561,-0.2917806,-0.020159204,-0.010803133,-0.80551034,-0.016790975,-0.43453446,1.1518042,-0.5396654,0.006660771,0.71451455,0.27581307,0.16053316,0.022062464,0.17612757,1,145452,Married,0,Higher education,Commercial associate,247500.0,Cash loans,585000.0,House / apartment,32,2,Man
-0.1129096,-0.7496146,0.9413433,0.347163,0.040625937,-0.45764917,0.012102936,-2.384705,-2.4247062,-0.77665377,0.053176288,-1.0115833,0.3907711,0.014138521,-0.0025477381,-2.704699,0.55060583,-0.384118,0.20521462,0.022085505,-0.010803133,0.15245461,-0.016790975,-0.26304108,-0.37514356,-0.099708304,-0.21509308,0.24766181,-0.07830812,-0.52141505,-0.013825405,-0.15496428,1,196420,Married,0,Secondary / secondary special,Working,135000.0,Cash loans,472500.0,House / apartment,55,4,Man
-0.7391237,-1.2330848,-1.2522956,0.53488034,0.23620452,-0.16880186,-2.0799768,-2.6072483,-1.7474686,0.6408495,-0.8485519,-0.4248583,2.178218,-0.022729205,-0.002549463,-3.3700852,-0.76226246,-0.036431734,1.5748456,-0.36438546,-0.010803135,1.2192883,-0.016790975,-0.35640475,-1.2295074,0.36716375,-0.19329561,-0.5899247,0.20515285,-0.27252114,0.05951067,-0.48605612,1,388941,Married,0,Secondary / secondary special,Working,180000.0,Cash loans,216000.0,House / apartment,28,3,Man
-0.1931625,1.0789973,-0.75389767,0.63224995,-0.50835663,0.9918874,0.012102936,-2.5374377,-2.5500612,1.1645516,-0.5741247,-0.41703284,0.28562775,0.11143831,-0.0025494935,-2.8621285,0.4740007,-0.66975,1.0619748,-0.21952605,-0.010803133,0.29112318,-0.016790975,-0.34878823,-0.37514356,0.6639191,-0.17149813,0.12726489,-0.005252858,0.54248893,0.23270865,1.0189068,1,298967,Separated,0,Higher education,Commercial associate,216000.0,Cash loans,450000.0,House / apartment,34,2,Man
0.18875991,-0.40828624,-0.61411697,-1.139128,1.2478765,-0.73854655,0.012102936,0.57319945,-0.7622558,0.76300627,1.3170236,-0.11610614,-0.9760997,-0.060141828,-0.0025459782,-0.068142876,0.83856386,0.34036085,1.4770645,0.09487519,-0.010803132,0.74169654,-0.016790975,-0.32711,0.3762117,1.0457903,-0.13829578,-1.7100642,0.01434876,-0.62834275,0.11100195,-1.1783391,1,101531,Married,2,Secondary / secondary special,Working,90000.0,Cash loans,675000.0,House / apartment,36,12,Man
-0.40496397,0.31059277,0.58432984,0.6790623,-1.0380368,0.709665,0.012102936,1.1927917,-2.1183574,-0.7016664,0.32985905,0.60209936,0.7062029,-0.037042208,-0.0025500366,-0.43414283,-0.7622682,0.34036085,1.5556728,-0.39583793,-0.010803135,0.8394399,-0.016790975,-0.33237997,-0.8841264,-0.5859041,-0.19795203,-0.40225205,0.19192189,-0.20758253,0.022062464,-0.18506354,1,339823,Civil marriage,0,Secondary / secondary special,Working,90000.0,Cash loans,360000.0,Municipal apartment,50,2,Man
1.6718509,-0.01121463,-0.38267684,0.3307787,0.8527454,0.18894482,0.012102936,-1.3260738,0.11206273,1.0677937,0.28005832,0.24718799,-0.28215605,-0.043912727,-0.0025476792,-0.714866,-0.7622596,-0.21603623,0.053351644,-0.18896604,-0.010803135,0.18145983,-0.016790975,-0.15472005,-1.8657357,0.54314655,0.44679427,-0.049752843,-6.447179e-05,0.480297,0.29824302,-0.03456725,1,413453,Single / not married,1,Secondary / secondary special,Working,270000.0,Cash loans,1170000.0,House / apartment,39,4,Man
-1.0410839,-0.9254482,-0.68881935,-0.43460265,0.87800884,-0.8306332,-2.979492,-2.2031374,0.14284176,-0.7427885,-0.9756529,-0.20607547,-0.9760997,-0.059273075,-0.0025474706,-2.5004342,-0.76226825,-0.384118,-0.7308682,-0.25992045,-0.010803135,0.78103226,-0.016790975,-0.32635146,-2.1384048,-1.3672161,0.76616436,0.7024933,0.19509326,0.14322616,-0.05751498,-0.06466651,1,258918,Married,1,Secondary / secondary special,Commercial associate,135000.0,Revolving loans,180000.0,House / apartment,35,8,Man
-0.252195,3.7335641,-1.0403332,1.0423259,-0.16091369,-0.4437368,-3.4267147,-0.3512938,-1.8014023,-3.2391422,-0.55793136,-1.0049437,-0.13494839,-0.013556297,-0.0027019884,-2.6503336,0.41765136,-0.015117288,1.1500095,-0.095133364,-0.010803133,0.44880682,-0.016790975,-0.117138796,0.0126526905,0.2688204,-0.19318314,0.08013292,0.10061441,-0.09856695,0.09227785,-0.1950966,1,435187,Married,0,Secondary / secondary special,Working,202500.0,Cash loans,450000.0,House / apartment,31,0,Man
-0.60808945,-0.81056345,1.5277344,0.28256202,-1.7320712,-0.6809096,0.012102936,-0.9617663,1.5345343,1.1645516,0.4799612,1.1945505,0.7062029,-0.06913771,-0.0025475207,0.2659575,0.07793314,0.36070132,-0.20150888,-0.30010507,-0.010803135,0.18145983,-0.016790975,-0.15472005,0.13383892,0.5362453,-0.20780475,-0.34971297,-0.04484835,0.305382,0.22334659,-0.03456725,1,401126,Widow,0,Secondary / secondary special,Pensioner,67500.0,Cash loans,292500.0,House / apartment,62,-24,Man
0.41236788,0.12702295,0.7568788,-0.8601266,-1.8010488,0.07433338,0.4332708,0.39260983,-1.4344286,-1.0548327,0.28428647,-0.40620205,-0.9760997,-0.037473302,-0.0025464199,-0.35554418,1.0520083,0.07538538,0.16686915,-0.20760696,-0.010803135,-0.27047575,-0.016790975,0.03619736,-0.2297201,-0.53920543,0.32869652,0.5790908,0.018166129,0.73198026,0.079795115,0.908543,1,121213,Married,0,Secondary / secondary special,Working,162000.0,Cash loans,765000.0,House / apartment,52,11,Man
-1.0410839,0.39937714,-1.6895112,0.28349826,0.46556228,1.6894934,0.012102936,0.5255019,-0.8970342,-0.06185476,-0.47993904,-0.20607547,-0.9760997,-0.0629909,-0.0025475235,-0.16883254,-0.7622654,0.36070132,1.9669279,0.0025038358,-0.010803135,1.323389,-0.016790975,-0.15472005,0.7155335,0.68496805,-0.21509308,0.62226224,-0.05606711,-0.012056216,0.16717428,-0.3957584,1,165459,Married,0,Secondary / secondary special,Working,67500.0,Revolving loans,180000.0,House / apartment,23,4,Man
-1.0075427,-0.19225387,-0.45394203,0.9875555,-0.9134228,-0.8107584,0.012102936,-2.3266478,-1.8598915,0.88879156,-0.6720281,-1.5829062,-0.9760997,-0.04587247,-0.0025911645,-2.366213,-0.7622692,0.026662605,1.872023,-0.39663467,-0.010803133,1.2327976,-0.016790975,-0.34691754,-1.5385326,1.038314,-0.22872494,-1.4250727,0.063916296,-0.3540196,0.12972605,-0.7569495,1,354782,Married,0,Secondary / secondary special,Working,90000.0,Cash loans,193500.0,House / apartment,38,0,Man
-0.37026003,-0.14945222,-0.72571236,0.6205469,0.46102056,-0.35562512,0.7126784,-0.006506624,-2.5633094,-1.7877737,-0.5419033,-0.15017691,-0.9760997,0.08576216,-0.0025526693,-1.0785639,-0.762259,-0.036431734,0.17012268,-0.11806332,-0.010803133,-0.26752412,-0.016790975,-0.32167846,-0.5932791,-0.26559806,-0.21927711,-0.48871928,0.14762299,-0.5562361,0.045467593,-1.057942,1,180697,Single / not married,0,Secondary / secondary special,Working,180000.0,Cash loans,450000.0,House / apartment,35,2,Man
-1.3617377,0.71482205,2.0589004,0.28256202,1.0327117,0.07433338,0.012102936,0.1623241,0.48623574,0.053045243,-1.1476275,-1.5019825,0.07533922,-0.068457626,-0.0025475207,0.36271566,-0.7622695,0.4546306,0.81816125,-0.24031222,-0.010803135,0.66302496,-0.016790975,-0.15472005,-0.9568382,0.31971738,0.10903467,0.73198074,0.07685733,0.01968757,-0.0013426675,-0.09476577,1,261209,Married,0,Higher education,Pensioner,58500.0,Cash loans,45000.0,House / apartment,68,-24,Man
0.38687658,-0.9254482,0.16430074,0.78345376,-0.9665044,1.7974799,0.012102936,-1.3922857,-0.40231487,-1.0645086,2.6856897,1.1789376,0.60105866,-0.06519177,-0.0025519254,-1.0309758,-0.76225173,-0.015117288,-0.5878396,-0.26821554,-0.010803133,-0.6100235,-0.016790975,-0.25747114,-1.8293798,0.9213371,-0.22872494,2.278269,0.07728016,-0.5669765,-0.1324114,-0.3054606,1,400630,Married,0,Secondary / secondary special,Working,67500.0,Cash loans,630000.0,House / apartment,45,1,Man
-0.37026003,-0.6659635,-1.322186,-0.33910555,-0.98836154,0.30554372,0.012102936,0.8828203,-0.46333858,-0.3581758,-0.5419033,-1.1446277,-0.9760997,-0.04936224,-0.0025477766,0.27513498,-0.7622679,0.34036085,1.5844319,-0.017447952,-0.010803133,0.87519974,-0.016790975,-0.055094205,0.2792624,0.3016015,-0.22589058,0.7838374,0.2131911,-0.19344956,0.15781222,-0.18506354,1,409713,Single / not married,0,Secondary / secondary special,Commercial associate,180000.0,Cash loans,450000.0,Municipal apartment,28,8,Man
-0.3914245,-0.40828624,1.0018387,0.28256202,0.08377245,0.61890334,0.012102936,-2.1022646,0.44651887,0.39653578,-0.42923105,0.6021037,0.706183,-0.058333497,-0.0025475207,-0.9914831,0.2847501,0.07166868,1.4348845,-0.3857991,-0.010803135,0.18145983,-0.016790975,-0.15472005,-1.2476854,0.8806195,-0.20132625,-0.7376792,0.06341922,0.50631833,0.106320925,0.1911772,1,348618,Widow,0,Secondary / secondary special,Pensioner,157500.0,Cash loans,364500.0,House / apartment,55,-24,Man
-0.37026003,1.0789973,-0.83203727,-1.199984,-0.44562384,-0.8617704,0.012102936,-0.9871649,0.11206273,-0.16707897,0.38756016,-0.1346032,-0.9760997,-0.06419147,-0.0025459556,-0.5154048,0.3049526,0.34036085,0.053351644,-0.18896604,-0.010803135,0.18145983,-0.016790975,-0.15472005,1.6607871,0.16702642,-0.21576792,0.08013292,0.14761935,-0.105992004,0.12598124,-0.25128195,1,298944,Single / not married,0,Secondary / secondary special,Working,90000.0,Cash loans,450000.0,House / apartment,33,13,Man
0.10200002,-0.16152626,-1.2623781,0.9510418,1.0051775,1.9180537,0.012102936,-0.2334886,-0.83970475,1.1645516,-0.14929794,-0.1453628,2.3885055,-0.044911988,-0.0025590041,-0.5846393,-0.76226664,-0.036431734,0.4455711,-0.12512945,-0.010803135,-0.5408879,-0.016790975,-0.15472005,0.13383892,1.2953869,-0.22872494,-3.5724113,0.16602628,-0.28292352,-0.010704719,-0.43187752,1,322501,Married,2,Incomplete higher,Working,180000.0,Cash loans,450000.0,House / apartment,28,0,Man
-0.14665204,-0.9944223,-0.13955028,0.5147511,-1.2529178,-1.1082182,0.012102936,-1.9942267,-2.1386812,-1.2398821,-0.5790818,-0.20607547,-0.9760997,0.021222103,-0.0025485451,-2.320779,-0.7622654,0.19921337,1.173496,0.20329641,-0.010803133,1.0754546,-0.016790975,-0.2082453,0.49739793,-2.3678164,-0.21144892,-0.40259376,0.1476285,-0.2945274,-0.052833956,0.05573053,1,446357,Single / not married,0,Secondary / secondary special,Working,225000.0,Revolving loans,540000.0,House / apartment,42,3,Man
-1.2697902,0.31059277,0.5066487,0.47215188,-1.4317487,0.7964517,0.012102936,-0.50798357,-2.0602891,0.9347516,-1.2118605,-0.46850148,2.178218,-0.025528766,-0.002548296,-1.4038296,-0.5536917,-0.24138103,1.9736384,-0.3327194,-0.010803132,1.3591489,-0.016790975,-0.37796107,0.57010967,0.9824136,-0.16097057,0.49093446,0.03650827,-0.40704936,0.101639904,-0.84724724,1,354793,Civil marriage,0,Secondary / secondary special,Commercial associate,126000.0,Cash loans,63000.0,House / apartment,49,3,Man
-0.37026003,-1.1246346,-0.46814936,0.92857194,0.6330389,-1.4646398,-1.6522635,0.35327265,0.5747363,0.47273263,0.38756016,-0.273278,-0.9760997,-0.06552191,-0.0025597725,-0.1926637,0.3049526,0.34036085,0.2839723,-0.31660324,-0.010803135,0.667793,-0.016790975,-0.3136494,1.1033297,0.77146417,0.046611566,0.088942334,0.022405159,0.5638675,0.14845017,0.80821204,1,309305,Married,0,Secondary / secondary special,Working,90000.0,Cash loans,450000.0,House / apartment,38,0,Man
-0.40496397,-1.4702287,0.7843765,-3.2578535,-1.52968,0.25188172,0.012102936,-2.4258301,0.11206273,0.7666347,3.031698,-0.1506608,0.7062029,-0.07027509,-0.0025455672,-1.362116,0.27182606,0.3869989,0.053351644,-0.18896604,-0.010803135,0.18145983,-0.016790975,-0.15472005,-1.3203971,0.8640564,-0.2145532,0.27510232,0.049495313,-0.44480878,-0.1136873,-0.7569495,1,312743,Married,0,Secondary / secondary special,Working,36000.0,Cash loans,360000.0,House / apartment,53,25,Man
-0.7521824,-0.30771685,-0.18354684,0.7801769,-0.25998035,1.951841,0.012102936,0.4701235,0.11206273,-0.21303897,-0.9817998,-1.1535898,1.5473543,-0.048982415,-0.002551844,0.3422666,-0.76226866,0.19921337,0.053351644,-0.18896604,-0.010803135,0.18145983,-0.016790975,-0.15472005,-0.9568382,0.22051139,-0.228455,2.0374203,0.25031173,-0.036284123,0.16249324,-0.5613043,1,449842,Married,0,Secondary / secondary special,Working,225000.0,Cash loans,225000.0,House / apartment,41,1,Man
-1.197207,-0.20526777,-1.5877692,0.5161554,0.28474435,1.2389976,0.012102936,-0.8279706,0.27550292,0.26954105,-1.1487067,-1.587662,0.07533922,-0.059892125,-0.002548554,-0.33365247,-0.48440763,-1.3714309,0.08435662,-0.30984467,-0.010803135,-1.0617888,-0.016790977,-0.37806123,-0.7750587,0.26450709,0.2706599,-0.10179778,-0.008251483,-0.3673678,0.008019385,-0.21516281,1,102025,Single / not married,0,Secondary / secondary special,Working,135000.0,Cash loans,103500.0,House / apartment,24,3,Man
-0.37026003,-0.19225387,-1.0760803,0.95385057,1.2172198,-0.34105024,0.012102936,0.055380903,0.11206273,0.53199685,-0.9402448,-1.1505433,-0.9760997,-0.038843043,-0.0025695723,0.09817455,-0.7622643,-0.53358793,-0.19000524,0.37166944,-0.010803135,-0.48844022,-0.016790977,-0.28415728,-0.9568382,0.52934396,1.2626811,-0.23350903,-0.0960509,-0.44286528,0.054829646,-0.3957584,1,333337,Married,1,Secondary / secondary special,Working,315000.0,Cash loans,450000.0,House / apartment,31,0,Man
-0.9257469,-0.14945222,1.3721424,0.28256202,-1.1464708,-1.3381035,0.012102936,0.23384887,-0.7817214,0.08570103,-0.5360291,-0.34737134,0.60105866,-0.060014527,-0.0025475207,-0.27835208,-0.2252861,0.34036085,1.1731766,-0.100576326,-0.010803135,0.7130887,-0.016790975,-0.15472005,-0.41149962,-0.70771176,-0.19633241,0.3890281,-0.021615949,-0.07085956,-0.048152927,1.1694032,1,126146,Single / not married,0,Secondary / secondary special,Pensioner,90000.0,Cash loans,189000.0,House / apartment,60,-24,Man
-1.0195057,-0.12776226,0.6512414,0.5325397,0.08689489,0.39233044,0.012102936,-0.82257944,0.11206273,1.1645516,-0.80800676,-0.43527782,0.60105866,-0.062417082,-0.002548661,-0.4185397,-0.76226515,0.9837231,-2.298048,-0.389191,-0.010803135,0.18145983,-0.016790975,-0.15472005,0.061127182,-0.038631972,-0.20726489,-0.14271984,0.1476214,-0.38941053,-0.19794576,0.16107795,1,442073,Civil marriage,0,Secondary / secondary special,Working,105750.0,Cash loans,157500.0,With parents,51,3,Man
-0.817476,-0.16152626,0.6665942,1.0095572,0.46102056,0.33270597,0.012102936,-1.4219024,-1.5595489,0.9190284,-1.0066351,-0.20607547,-0.9760997,-0.020769546,-0.002586417,-1.6719133,-0.121936284,-0.66975,1.8020425,-0.23215865,-0.010803133,1.1457821,-0.016790975,-0.33823344,0.49739793,1.081447,-0.19835694,-0.121584445,-0.042555373,0.052727077,0.16717428,-0.69675094,1,246512,Widow,0,Secondary / secondary special,Commercial associate,216000.0,Revolving loans,270000.0,House / apartment,51,0,Man
0.10200002,-1.1368533,-0.65857166,0.5629677,1.1465391,0.8176515,0.012102936,-1.0389887,0.11206273,1.0411853,-0.4137117,-0.13439283,2.3885055,-0.048982415,-0.0025488792,-0.54590476,0.7557474,0.19921337,0.053351644,-0.18896604,-0.010803135,0.18145983,-0.016790975,-0.15472005,0.5882877,1.072389,-0.21472192,0.40301856,0.22483316,0.023574585,0.25143275,-0.7569495,1,404729,Single / not married,0,Secondary / secondary special,Commercial associate,225000.0,Cash loans,450000.0,House / apartment,36,2,Man
0.38799462,-0.9254482,-1.6081634,0.83213854,1.3957669,0.85806364,0.012102936,-0.5164493,0.11206273,0.49813157,0.60840064,-0.2673264,-0.029804103,-0.059121784,-0.0025534139,-0.23836976,1.0287428,-0.384118,0.053351644,-0.18896604,-0.010803135,0.18145983,-0.016790975,-0.15472005,-2.4110742,0.481035,-0.16056566,-0.16934453,-0.07768934,0.026813775,0.14845017,-0.3957584,1,356543,Single / not married,0,Secondary / secondary special,Working,135000.0,Cash loans,675000.0,House / apartment,24,1,Man
-1.0078111,-0.044978768,-0.42942336,0.26336896,0.66738576,-0.99228173,0.012102936,-2.5534627,-1.3107955,0.6311737,-0.8322528,-0.8688691,1.1267791,-0.05066422,-0.002547463,-2.203855,-0.3036202,-1.3714309,0.9242505,-0.25181964,-0.010803135,0.31734702,-0.016790975,-0.13592046,-0.011584554,1.0421096,-0.16110553,-0.04856745,0.106070995,-0.6145411,0.008019385,-0.54625463,1,214190,Married,0,Secondary / secondary special,Working,112500.0,Cash loans,153000.0,House / apartment,38,4,Man
-0.95253515,-0.9944223,1.0662295,0.28256202,-1.0391722,-0.79154605,0.012102936,-1.3003274,-1.3692371,-0.8044717,-0.580569,0.10104949,0.60105866,-0.05469817,-0.0025475207,-1.4978232,-0.76226795,0.34036085,0.62867075,-0.23697288,-0.010803135,-0.04104548,-0.016790975,-0.27179116,0.64282143,0.6370041,-0.22872494,1.2290429,0.21885756,-0.5534033,-0.14311089,-0.369959,1,250054,Widow,0,Secondary / secondary special,Pensioner,90000.0,Cash loans,180000.0,Municipal apartment,56,-24,Man
-0.252195,0.71482205,1.8487718,0.28256202,1.1479584,-0.4662616,0.012102936,0.066434965,-1.6846023,-0.8214043,-0.7862903,-0.7703538,-0.13494839,-0.0007697338,-0.002546199,-0.8633456,-0.7622579,-0.2755931,-0.27172902,-0.11252416,-0.010803135,0.21841161,-0.016790975,-0.039443545,0.061127182,1.1169887,-0.22872494,0.08013292,0.023097012,-0.17382595,0.08915717,-0.7268502,1,386265,Married,0,Higher education,Pensioner,270000.0,Cash loans,450000.0,House / apartment,66,-24,Man
